Kenteken,Voertuigsoort,Merk,Handelsbenaming,Bruto BPM,Cilinderinhoud,Massa ledig voertuig,Toegestane maximum massa voertuig,Catalogusprijs,WAM verzekerd
NR743X,Personenauto,FORD,FIESTA,2023,998,955,1530,18126,Ja
ZL19JL,Personenauto,FORD,FIESTA 1.1I CHEERS U9,,1118,803,1250,,Nee
51GZT7,Personenauto,MITSUBISHI,MITSUBISHI COLT,1461,1124,905,1420,,Ja
6SLN83,Personenauto,VOLVO,C30,1083,1560,1256,1780,27906,Ja
HN673D,Personenauto,FORD-CNG-TECHNIK,C-MAX ENERGI,451,1999,1725,2250,37795,Ja
49SRP7,Personenauto,DACIA,LOGAN,4394,1598,1180,1840,16530,Ja
JJVN21,Personenauto,OPEL,KADETT HATCHBACK 2.0SEH GSI B6,3593,1998,940,1450,,Nee
93SXR5,Personenauto,PEUGEOT,5008,7003,1598,1465,2225,34250,Ja
57RSSZ,Personenauto,CITROEN,BERLINGO,4191,1587,1226,1840,19334,Ja
48TZX6,Personenauto,VOLKSWAGEN,POLO,,1199,1050,1590,16776,Ja
44SNF5,Personenauto,FORD,S-MAX,6979,1596,1502,2400,37245,Ja
44PTG8,Personenauto,OPEL,CORSA,2237,1229,1059,1605,16119,Ja
HB785R,Personenauto,FORD,FOCUS,4503,1498,1225,1900,29405,Ja
G432PB,Personenauto,RENAULT,ZOE,,,1448,1923,32563,Ja
8ZNG63,Personenauto,HYUNDAI,I20,2530,1248,945,1515,16585,Ja
96LGRX,Personenauto,MAZDA,MAZDA 626,7102,1998,1335,1930,,Ja
G138GB,Personenauto,KIA,VENGA,2794,1591,1169,1730,25637,Ja
5ZKS76,Personenauto,KIA,PICANTO,735,998,820,1340,12196,Ja
70TFDJ,Personenauto,FIAT,FIAT PANDA,1386,1108,815,1255,,Ja
23PDK3,Personenauto,NISSAN,NISSAN QASHQAI+2,7813,1997,1350,2108,31631,Ja
7ZTJ62,Personenauto,CITROEN,C4 CACTUS,1699,1560,1045,1610,22955,Ja
78SFL8,Personenauto,AUDI,AUDI Q5,18999,1968,1795,2430,68824,Ja
63HHX2,Personenauto,FIAT,FIAT BRAVO,4556,1368,1235,1770,,Ja
95PVT3,Personenauto,VOLKSWAGEN,GOLF,3831,1197,1171,1790,28021,Ja
36HFBR,Personenauto,CHEVROLET,CREVROLET G 2500 VAN,15616,,3050,3500,,Ja
5TPG33,Personenauto,PEUGEOT,2008,1155,1199,1030,1593,23230,Ja
99HTFT,Personenauto,OPEL,ZAFIRA-A,5568,2198,1365,1990,,Ja
11ZHKZ,Personenauto,MERCEDES-BENZ,C 200 KOMPRESSOR,12541,1796,1405,1990,50755,Nee
SFVX53,Personenauto,VOLKSWAGEN,GOLF GL 66 KW E2,,1781,999,1540,,Ja
74KTG6,Personenauto,BMW,X REIHE,28581,2993,2085,2790,104911,Ja
ZB676S,Personenauto,MITSUBISHI,MITSUBISHI SPACE STAR,2990,999,845,1290,13569,Ja
ZG238B,Personenauto,MERCEDES-BENZ,AMG A 35,16938,1991,1455,2055,85883,Ja
06XGTH,Personenauto,OPEL,ANTARA,8983,2405,1705,2272,36035,Ja
95JXNF,Personenauto,SUZUKI,SWIFT,1174,993,720,1250,,Ja
65TGX5,Personenauto,VOLVO,V50,4712,1560,1290,1900,31034,Ja
NB590G,Personenauto,VOLKSWAGEN,UP!,1822,999,834,1330,16363,Ja
45PRL9,Personenauto,TOYOTA,TOYOTA AYGO,,998,805,1190,11180,Ja
KT644V,Personenauto,MERCEDES-BENZ,E 350 E,469,1991,1825,2565,67840,Ja
33PPFG,Personenauto,TOYOTA,YARIS,2686,1298,870,1385,,Ja
KD708Z,Personenauto,AUDI,A4 AVANT,5882,1968,1500,2145,55302,Ja
HG2580,Personenauto,CHEVROLET,1839 E,,,1715,,,Ja
GX218D,Personenauto,KIA,PICANTO,2323,1248,840,1430,15390,Ja
86XRFS,Personenauto,PEUGEOT,206,2406,1360,925,1450,12440,Ja
75NRTK,Personenauto,MITSUBISHI,COLT,2587,1299,925,1445,,Ja
8TFN62,Personenauto,BMW,3ER REIHE,2446,1997,1325,1870,53414,Ja
RJ669T,Personenauto,HYUNDAI,IX20,1041,1396,1153,1710,19765,Ja
04RKT9,Personenauto,KIA,PICANTO,,1248,830,1370,13129,Ja
7ZJP75,Personenauto,MAZDA,MAZDA CX-5,5670,1998,1295,1930,33035,Ja
06HGN1,Personenauto,DAIHATSU,SIRION,1277,998,865,1390,10897,Ja
66HJR5,Personenauto,FORD,FOCUS,4918,1596,1177,1820,24824,Ja
JV569J,Personenauto,RENAULT,CLIO,276,898,984,1588,18710,Ja
J617NK,Personenauto,MERCEDES-BENZ,GLA 200,7022,1332,1385,2010,55195,Ja
49RBDS,Personenauto,RENAULT,CLIO,2813,1149,940,1510,,Ja
6ZGN34,Personenauto,TOYOTA,TOYOTA AYGO,,998,830,1240,12650,Ja
88PRRZ,Personenauto,FORD,FOCUS C-MAX,8761,1997,1391,1990,,Ja
00LDB7,Personenauto,PEUGEOT,PEUGEOT 107,,998,780,1190,11000,Ja
6TRR92,Personenauto,FIAT,FIAT PUNTO,1477,1242,990,1575,13066,Ja
02PTD3,Personenauto,FORD,TRANSIT 120,,2494,1740,2810,,Ja
21ZNS2,Personenauto,TOYOTA,TOYOTA AYGO,,998,805,1190,10620,Ja
51TDS1,Personenauto,VOLKSWAGEN,POLO,,1199,1050,1590,18686,Ja
34STKP,Personenauto,JAGUAR,X-TYPE 2.0 V6,9581,2099,1371,1995,,Ja
XP216J,Personenauto,OPEL,GRANDLAND X,5348,1199,1270,1900,39720,Ja
14SZXP,Personenauto,FIAT,FIAT PANDA,1014,1108,815,1255,,Ja
ZR479D,Personenauto,SUZUKI,SWIFT,1882,1242,825,1365,19685,Ja
79LRD4,Personenauto,MERCEDES-BENZ,280 SEL,,2746,1590,2110,,Ja
HG237F,Personenauto,RENAULT,CAPTUR,3750,1197,1155,1726,23185,Ja
12NGV1,Personenauto,TOYOTA,TOYOTA AYGO,1198,998,805,1180,,Ja
61KHP1,Personenauto,DACIA,LOGAN,2894,1598,1140,1740,,Ja
34RGG2,Personenauto,RENAULT,CLIO,,1461,1074,1665,16900,Ja
31SXT9,Personenauto,HYUNDAI,I20,1189,1248,945,1515,13490,Ja
ZF703Z,Personenauto,VOLVO,XC40,9426,1477,1525,2120,48460,Ja
5XSJ29,Personenauto,KIA,VENGA,7560,1591,1169,1730,24885,Ja
SVVX27,Personenauto,FORD,ESCORT,3530,1796,1100,1685,,Ja
KT486T,Personenauto,SKODA,CITIGO,1822,999,834,1330,12920,Ja
72HJZN,Personenauto,SKODA,FABIA,3775,1390,1075,1615,,Ja
31ZNKV,Personenauto,BMW,1ER REIHE,6259,1599,1230,1755,29894,Ja
91ZBDL,Personenauto,MITSUBISHI,MITSUBISHI OUTLANDER,8135,2360,1465,2290,,Ja
49SXGP,Personenauto,SUZUKI,SWIFT,2022,1328,945,1485,9088,Ja
48ZJJZ,Personenauto,TOYOTA,TOYOTA AYGO,308,998,780,1190,9172,Ja
41KXJ9,Personenauto,FORD,FIESTA,2591,1242,941,1490,16081,Ja
29SLD9,Personenauto,VOLKSWAGEN,POLO,,1199,1050,1590,19311,Ja
RV391Z,Personenauto,TOYOTA,TOYOTA AYGO,1447,998,815,1240,13060,Ja
GX27HH,Personenauto,VOLKSWAGEN,171331 GOLF GTI,,,832,,,Nee
ZK488N,Personenauto,RENAULT,CLIO,2466,999,1065,1603,19570,Ja
88LPXR,Personenauto,OPEL,ASTRA-G-CARAVAN,3784,1598,1109,1690,,Ja
RV983X,Personenauto,FORD,FIESTA,2014,998,1063,1670,20465,Ja
22KNS2,Personenauto,PEUGEOT,PEUGEOT 107,,998,780,1190,10994,Ja
HD081J,Personenauto,CITROEN,C3,1702,1199,955,1541,20165,Ja
36PPZ8,Personenauto,AUDI,AUDI A7,21556,2995,1760,2335,122331,Ja
4KNK68,Personenauto,FORD,FOCUS,1010,1560,1274,1900,27906,Ja
TRXN04,Personenauto,OPEL,ASTRA-G-CARAVAN,4519,1995,1214,1795,,Nee
H873ZR,Personenauto,OPEL,CORSA-E,2058,1398,1063,1630,21395,Ja
1TBT52,Personenauto,DACIA,DUSTER,6426,1197,1177,1752,19269,Ja
SG458T,Personenauto,PEUGEOT,208,1724,1199,950,1546,17621,Ja
NX253B,Personenauto,FIAT,FIAT 500,1297,964,840,1305,16530,Ja
54TFBG,Personenauto,CHEVROLET,BLAZER,,5730,2060,2747,,Ja
22XBN6,Personenauto,CITROEN,CITROEN C1,,998,805,1190,10435,Ja
1KGP12,Personenauto,BMW,5ER REIHE,8139,1997,1700,2365,90298,Ja
3SBG84,Personenauto,RENAULT,MEGANE SCENIC,5000,1197,1295,1955,28729,Nee
08PDRB,Personenauto,RENAULT,TWINGO,1851,1149,805,1255,,Nee
J270LH,Personenauto,KIA,PICANTO,1881,998,878,1400,14615,Ja
J438SH,Personenauto,BMW,118I,5038,1499,1295,1870,39290,Ja
1ZPR49,Personenauto,RENAULT,CAPTUR,2935,898,1076,1658,21080,Ja
JK268T,Personenauto,NISSAN,NISSAN QASHQAI+2,6967,1598,1265,2072,32630,Ja
14XTTD,Personenauto,FORD,MONDEO,9668,2521,1467,2185,,Ja
KS255R,Personenauto,OPEL,KARL / VIVA,1684,999,839,1353,12390,Ja
G377JJ,Personenauto,PEUGEOT,3008,4824,1199,1295,1910,38920,Ja
NH197F,Personenauto,FORD,FOCUS,3381,999,1216,1900,28058,Ja
99SBJ2,Personenauto,SKODA,FABIA,,1199,1103,1658,16169,Ja
44SFD7,Personenauto,VOLKSWAGEN,TIGUAN,6571,1390,1410,2080,35317,Ja
H223GG,Personenauto,HONDA,CR-V,6374,1993,1643,2275,55445,Ja
G292TV,Personenauto,TESLA,MODEL 3,,,1831,2305,60130,Ja
08SBL5,Personenauto,PEUGEOT,308,4566,1598,1262,1815,24190,Ja
41XNBN,Personenauto,FIAT,FIAT PUNTO,3963,1368,1035,1540,,Ja
89KKS1,Personenauto,PEUGEOT,207,3366,1598,1178,1671,19294,Ja
11RFT2,Personenauto,OPEL,CORSA,,1248,1099,1635,18039,Ja
96PPFB,Personenauto,OPEL,AGILA,2022,1199,955,1450,,Ja
XL723B,Personenauto,VOLKSWAGEN,UP!,1942,999,834,1330,12569,Ja
XV392F,Personenauto,TESLA,MODEL 3,,,1831,2305,62000,Ja
H059GP,Personenauto,SKODA,FABIA,3407,999,1016,1571,19945,Ja
55RJSF,Personenauto,SUZUKI,SWIFT,3133,1490,975,1485,12059,Ja
HT031X,Personenauto,VOLKSWAGEN,GOLF,3495,1395,1171,1780,32487,Ja
63PKZ3,Personenauto,OPEL,ASTRA,9230,1956,1490,2065,34999,Ja
KJ141H,Personenauto,TOYOTA,TOYOTA AURIS,856,1798,1310,1815,27270,Ja
ZG797P,Personenauto,NISSAN,NISSAN QASHQAI+2,8782,1997,1350,2108,30833,Ja
65NZKV,Personenauto,ALFA ROMEO,ALFA ROMEO GT,8331,1970,1295,1840,,Ja
KX423D,Personenauto,RENAULT,TWINGO,1753,999,840,1360,12475,Ja
72TLKG,Personenauto,CITROEN,U*****,7380,1749,1485,2200,30919,Ja
SG778F,Personenauto,NISSAN,NISSAN QASHQAI,6386,1197,1250,1860,32091,Ja
28XFZ6,Personenauto,CITROEN,CITROEN C1,,998,805,1190,11875,Ja
H654DB,Personenauto,FORD,FOCUS,2859,999,1283,1925,30307,Ja
ZP521Z,Personenauto,MERCEDES-BENZ,E230,18329,2295,1797,2150,,Ja
LNHG62,Personenauto,FORD,MUSTANG 3.8 AUT,6295,3797,1440,2004,,Nee
J738NN,Personenauto,RENAULT,ZOE,,,1402,1966,31389,Ja
TV406L,Personenauto,FIAT,FIAT 500,1447,875,905,1370,19230,Ja
71JVV1,Personenauto,RENAULT,SAFRANE BITURBO,15880,2961,1724,2150,,Ja
1KRP67,Personenauto,MINI,MINI ONE,3785,1598,1015,1470,,Ja
32PBNB,Personenauto,FIAT,FIAT PANDA,2126,1242,835,1305,,Ja
SN590D,Personenauto,KIA,RIO,2633,998,1055,1600,20020,Ja
ZG58FZ,Personenauto,VOLKSWAGEN,GOLF CL 66KW U9,,1781,903,1430,,Nee
H387NF,Personenauto,VOLKSWAGEN,POLO,3665,999,1055,1610,22338,Ja
RD806G,Personenauto,FORD,KUGA,8166,1498,1479,2100,37237,Ja
53TNT3,Personenauto,MITSUBISHI,MITSUBISHI COLT,1535,1332,950,1465,13747,Ja
JR299H,Personenauto,HYMER,B 588,12267,2287,3065,4250,,Ja
48ZVX9,Personenauto,TOYOTA,TOYOTA RAV4,9621,1987,1465,2100,37090,Ja
XLLL02,Personenauto,FORD,KA,1407,1299,846,1265,,Ja
90NFL6,Personenauto,VOLKSWAGEN,KOMBI,13499,1968,1876,2800,39101,Ja
XK821T,Personenauto,FORD,FIESTA,4300,998,1141,1685,22865,Ja
36LDK3,Personenauto,FIAT,FIAT PANDA,338,1242,835,1305,9365,Ja
58ZNVR,Personenauto,NISSAN,NISSAN X-TRAIL,9646,1997,1489,2050,,Ja
G264VR,Personenauto,KIA,NIRO,2466,1580,1390,1930,33590,Ja
98GVF5,Personenauto,HYUNDAI,I 10,2412,1086,930,1430,13255,Ja
XD281K,Personenauto,HYUNDAI,TUCSON,12153,1685,1445,2085,43602,Ja
99SPRZ,Personenauto,MITSUBISHI,MITSUBISHI COLT,3211,1332,935,1435,,Ja
J224DP,Personenauto,BUERSTNER,BUT715,10900,2287,2840,3500,45017,Ja
HF892T,Personenauto,RENAULT,MEGANE,3607,1197,1197,1848,24280,Ja
66PNN7,Personenauto,SKODA,YETI,4244,1197,1240,1885,21089,Ja
KS806R,Personenauto,VOLKSWAGEN,PASSAT,5475,1968,1405,2070,41159,Ja
37XBLL,Personenauto,FORD,FOCUS,4456,1596,1149,1730,,Ja
L385BG,Personenauto,MERCEDES-BENZ,GLA 200,3187,1595,1335,1940,51848,Ja
61XPFV,Personenauto,TOYOTA,TOYOTA YARIS,3566,1298,995,1480,17011,Ja
JK926X,Personenauto,FIAT,FIAT 500,1270,875,915,1380,18140,Ja
XN759P,Personenauto,FORD,FOCUS,3645,999,1283,1925,28625,Ja
NL481D,Personenauto,HYUNDAI,IX20,3360,1396,1153,1710,18105,Ja
H383ZH,Personenauto,PEUGEOT,208,2633,1199,1065,1595,23730,Ja
71ZHHG,Personenauto,MAZDA,MAZDA 6,6245,1798,1295,1925,,Ja
10SRT6,Personenauto,AUDI,AUDI Q3,9124,1984,1485,2110,46980,Ja
82SJGK,Personenauto,TOYOTA,TOYOTA YARIS,4067,1298,1000,1480,18830,Ja
NP45YL,Personenauto,AUTO UNION,AUDI COUPE GT5E,,,1035,,,Ja
HD819P,Personenauto,FORD,FOCUS,2024,999,1216,1900,26590,Ja
DE6200,Personenauto,VOLKSWAGEN,KEVER 1500 CABRIOLET,,,860,,,Ja
2TVT33,Personenauto,CITROEN,C3,1470,1199,950,1511,17465,Ja
K715BG,Personenauto,TESLA,MODEL S,,,2155,2574,81590,Ja
H482NZ,Personenauto,FIAT,FIAT 500,175,875,915,1380,23522,Ja
XDBS71,Personenauto,TOYOTA,TOYOTA STARLET,2170,1332,820,1345,,Ja
1XLX03,Personenauto,RENAULT,MEGANE,3780,1197,1259,1835,28234,Ja
14TJN9,Personenauto,FORD,FOCUS,3887,1596,1176,1825,24221,Ja
NB323R,Personenauto,OPEL,CORSA-E,3504,1398,1063,1630,17615,Ja
KB795X,Personenauto,SUZUKI,CELERIO,994,998,790,1260,11798,Ja
86XFTF,Personenauto,AUDI,AUDI A6,13034,1984,1565,2220,,Ja
RN861B,Personenauto,VOLKSWAGEN,UP!,1825,999,834,1330,12923,Ja
PF844D,Personenauto,SUZUKI,SX4,3816,998,1065,1730,24558,Ja
35GHNV,Personenauto,RENAULT,CLIO,1909,1149,855,1420,,Ja
21LXL3,Personenauto,NISSAN,NISSAN QASHQAI,4871,1598,1210,1830,24614,Ja
61PDVF,Personenauto,RENAULT,MEGANE,4489,1598,1150,1725,,Ja
TZ96YT,Personenauto,TOYOTA,CAMRY 2.0 GLI AUT. K6,,1998,1181,1720,,Ja
HK354J,Personenauto,VOLVO,V40,1699,1969,1292,1920,30584,Ja
G179HF,Personenauto,TOYOTA,TOYOTA C-HR,1402,1798,1395,1860,35355,Ja
3KFR65,Personenauto,CITROEN,DS5,9325,1598,1395,2035,37590,Ja
1TDH38,Personenauto,SKODA,SUPERB,5176,1598,1441,2104,33680,Ja
64SVNZ,Personenauto,PEUGEOT,207,3959,1360,1114,1620,18438,Ja
71SVKX,Personenauto,HYUNDAI,ATOS-PRIME,1777,1086,873,1336,10473,Ja
01LTZP,Personenauto,SKODA,FABIA,2728,1390,1070,1610,,Ja
74JLZJ,Personenauto,PEUGEOT,206,2652,1360,925,1450,,Ja
H394KV,Personenauto,SKODA,FABIA,3278,999,1036,1591,22755,Ja
59GNKT,Personenauto,MERCEDES-BENZ,A 140,5057,1397,995,1480,,Ja
H741TB,Personenauto,PEUGEOT,208,1120,1199,950,1530,18028,Ja
NK706S,Personenauto,KIA,PICANTO,1759,998,825,1370,11990,Ja
XR477S,Personenauto,OPEL,MOKKA X,5210,1364,1294,1828,28876,Ja
H002BV,Personenauto,HYUNDAI,KONA,1800,1580,1351,1880,29077,Ja
23JD84,Personenauto,FORD,TRANSIT 130 KAMPEERAUTO,,,2070,,,Ja
29RRZB,Personenauto,NISSAN,NISSAN X-TRAIL,7927,1998,1405,2000,,Ja
31SNPL,Personenauto,LAND ROVER,RANGE ROVER SPORT,31816,4197,2530,3125,,Ja
13ZRB6,Personenauto,HYUNDAI,IX20,3930,1396,1153,1710,20850,Ja
51SFV8,Personenauto,RENAULT,TWINGO,,1149,839,1370,12060,Ja
JD792H,Personenauto,CITROEN,C1,1270,998,830,1240,13825,Ja
G557NV,Personenauto,TESLA,MODEL 3,,,1831,2305,59900,Ja
32NHD8,Personenauto,VOLKSWAGEN,POLO,,1199,1050,1590,,Ja
TH591G,Personenauto,SMART,FORFOUR,2014,999,875,1400,14101,Ja
SL705G,Personenauto,MAZDA,MAZDA CX-3,7498,1998,1130,1690,26745,Ja
50TPZJ,Personenauto,NISSAN,NISSAN MICRA,2731,1240,921,1475,,Ja
KF183L,Personenauto,FIAT,FIAT BRAVO,4332,1368,1235,1770,,Ja
RJ194V,Personenauto,BMW,X1 XDRIVE20I,8601,1998,1515,2140,56682,Ja
LHNR01,Personenauto,ROLLS ROYCE,CORNICHE,,,2210,,,Nee
75SKBJ,Personenauto,FORD,FOCUS C-MAX,5479,1596,1234,1855,,Ja
38UH08,Personenauto,PORSCHE,924,,,1060,,,Ja
SK142B,Personenauto,FORD,MONDEO,6853,1596,1401,2200,37645,Ja
97HHBT,Personenauto,OPEL,ZAFIRA-A,4510,1598,1293,1950,,Ja
95ZRJH,Personenauto,CITROEN,C4 PICASSO,6815,1749,1485,2200,30097,Ja
XX110G,Personenauto,BMW,520I,7051,1998,1515,2210,68499,Ja
10JLJL,Personenauto,OPEL,CORSA-C,2444,1199,935,1430,,Ja
G083XB,Personenauto,TOYOTA,TOYOTA YARIS HYBRID,1282,1497,1050,1565,22310,Ja
11HVG9,Personenauto,MERCEDES-BENZ,200,,1977,1360,1870,,Ja
G650LR,Personenauto,VOLKSWAGEN,KOMBI,31662,1968,1759,3000,71895,Ja
ZJ454J,Personenauto,RENAULT,CLIO,4300,898,1065,1630,19185,Ja
H495NB,Personenauto,KIA,STONIC,5600,998,1080,1640,23675,Ja
G417VK,Personenauto,RENAULT,CLIO,2466,999,1065,1603,19085,Ja
PJ669G,Personenauto,VOLKSWAGEN,UP!,1825,999,834,1330,13367,Ja
54TGKL,Personenauto,PEUGEOT,207,4227,1587,1200,1680,19410,Ja
67JRK7,Personenauto,FORD,FIESTA,3649,1388,954,1495,20460,Ja
G783PH,Personenauto,TESLA,MODEL 3,,,1584,2060,50080,Ja
8TPN97,Personenauto,NISSAN,NISSAN MICRA,2835,1198,935,1425,15100,Ja
KT851H,Personenauto,VOLKSWAGEN,POLO,2443,1197,1007,1590,20327,Ja
73RKSK,Personenauto,SEAT,IBIZA,4937,1781,1129,1649,,Ja
1SZN01,Personenauto,SUZUKI,ALTO,,996,830,1250,9829,Ja
18RPH5,Personenauto,SKODA,FABIA,,1199,1119,1674,17669,Ja
38HVP2,Personenauto,MERCEDES-BENZ,190 D,,1997,1120,1610,,Nee
59XTXT,Personenauto,FORD,MONDEO,9988,2261,1460,2265,,Ja
5558DU,Personenauto,VOLVO,P 13134,,1780,1088,,,Ja
NL994R,Personenauto,CITROEN,C3,2191,1124,985,1483,,Ja
DH7879,Personenauto,VOLKSWAGEN,1,,,660,,,Ja
XT972L,Personenauto,RENAULT,MEGANE,4337,1598,1200,1775,,Ja
XR944H,Personenauto,PEUGEOT,208,2051,1199,1065,1650,26362,Ja
57PTK3,Personenauto,HYUNDAI,I 10,,1248,885,1410,10360,Ja
26PVP5,Personenauto,RENAULT,CLIO,2800,1149,962,1580,16030,Ja
G690BD,Personenauto,NISSAN,NISSAN MICRA,3252,999,1035,1550,22291,Ja
26LJFK,Personenauto,PEUGEOT,206,2668,1360,925,1450,,Ja
29LLX2,Personenauto,FORD,MONDEO,7639,1999,1396,2200,31189,Ja
XB234X,Personenauto,JAGUAR,JAGUAR I-PACE,,,2144,2670,104446,Ja
5XFX61,Personenauto,CITROEN,DS3,1470,1199,950,1496,20700,Ja
PP04HX,Personenauto,OPEL,KADETT HATCHBACK 1.2 SC,,1196,814,1355,,Ja
75ZSX7,Personenauto,VOLKSWAGEN,UP,,999,840,1290,10916,Ja
38JPZ8,Personenauto,CITROEN,CITROEN C1,,998,815,1190,11580,Ja
80LHF3,Personenauto,MITSUBISHI,MITSUBISHI COLT,1259,1332,950,1465,14248,Ja
82LNGX,Personenauto,RENAULT,CLIO,2950,1390,975,1545,,Ja
8XRH22,Personenauto,PEUGEOT,308,1093,1560,1275,1870,27690,Ja
21TKS8,Personenauto,HYUNDAI,IX20,3832,1591,1155,1710,20515,Ja
AE5210,Personenauto,NEKAF,M38A1 1/4 TON,,,1260,,,Ja
K794TD,Personenauto,TOYOTA,TOYOTA RAV4,2665,2487,1565,2135,48364,Ja
PG003K,Personenauto,PEUGEOT,208,2821,1560,1055,1625,22003,Ja
03KTX7,Personenauto,TOYOTA,TOYOTA AURIS,4344,1598,1250,1750,22455,Ja
54GHP5,Personenauto,RENAULT,MODUS,3595,1149,1135,1650,,Ja
25HKTZ,Personenauto,TOYOTA,TOYOTA YARIS,3122,1299,885,1350,,Ja
HV485V,Personenauto,HYUNDAI,TUCSON,6743,1591,1354,1895,30220,Ja
26LGB1,Personenauto,SUZUKI,ALTO,,996,830,1250,9048,Ja
HF713V,Personenauto,VOLVO,XC70,7029,1969,1640,2300,55245,Ja
5SNS65,Personenauto,POESSL,KW 018,10934,2999,2895,3500,,Ja
3ZVK68,Personenauto,VOLKSWAGEN,UP,1564,999,840,1290,13089,Ja
73GGGN,Personenauto,FORD,FOCUS,4464,1596,1134,1660,,Ja
GX002K,Personenauto,TOYOTA,TOYOTA AYGO,378,998,795,1180,,Ja
J486LN,Personenauto,PEUGEOT,2008,627,1199,1065,1656,22744,Ja
9THP22,Personenauto,PORSCHE,911 TURBO S,27441,3800,1580,1990,239759,Ja
RZ288J,Personenauto,SEAT,LEON ST,2633,999,1136,1770,25960,Ja
KH14FB,Personenauto,CITROEN,2CV6,,,560,,,Ja
34PFTX,Personenauto,TOYOTA,YARIS,2677,1298,870,1385,,Ja
XJ400R,Personenauto,HYUNDAI,KONA,,,1660,2170,44115,Ja
87NRN6,Personenauto,SKODA,FABIA,,1199,1119,1674,16739,Ja
5SRX19,Personenauto,FIAT,FIAT 500,,964,840,1305,14425,Ja
07HSVR,Personenauto,TOYOTA,TOYOTA YARIS,3495,1299,900,1360,,Ja
3ZTH55,Personenauto,RENAULT,CLIO,1699,1461,1096,1711,21485,Ja
RS254J,Personenauto,VOLKSWAGEN,TIGUAN,7915,1395,1398,2130,48744,Ja
13JRV3,Personenauto,SKODA,FABIA,2998,1390,1020,1575,14559,Ja
G346PB,Personenauto,NISSAN,NISSAN MICRA,3645,999,1055,1555,23541,Ja
9ZHL78,Personenauto,SUBARU,FORESTER,7056,1995,1477,2015,37790,Ja
FB86RK,Personenauto,OPEL,KADETT,,,940,,,Ja
41RSN9,Personenauto,FIAT,FIAT PUNTO,,1248,1105,1690,15689,Ja
HV818R,Personenauto,MAZDA,MAZDA2,2254,1496,950,1505,18184,Ja
94LGTS,Personenauto,SUZUKI,WAGON R,2396,1298,970,1460,,Ja
13NLJP,Personenauto,NISSAN,NISSAN PRIMERA,5012,1769,1281,1810,,Ja
H547RX,Personenauto,PEUGEOT,5008,4955,1199,1405,2170,42760,Ja
PN882B,Personenauto,SEAT,LEON,2221,999,1125,1740,25660,Ja
KP872H,Personenauto,HYUNDAI,TUCSON,13607,1591,1509,2190,45800,Ja
TV969K,Personenauto,TOYOTA,TOYOTA C-HR,1321,1798,1395,1860,36265,Ja
65GKS6,Personenauto,FIAT,FIAT PANDA,2046,1242,835,1305,,Ja
XJ319J,Personenauto,KIA,NIRO,1321,1580,1390,1930,29835,Ja
PX185R,Personenauto,CITROEN,C3,2366,1199,1025,1600,22300,Ja
3XRF71,Personenauto,PEUGEOT,PEUGEOT 107,958,998,765,1180,,Ja
XX908L,Personenauto,CITROEN,C1,1402,998,815,1240,13655,Ja
20NKR4,Personenauto,CITROEN,CITROEN C1,,998,780,1190,11180,Ja
78TGR8,Personenauto,TOYOTA,TOYOTA AYGO,,998,805,1190,11505,Ja
NF044G,Personenauto,VOLKSWAGEN,POLO,1684,999,1011,1560,17136,Ja
ND468J,Personenauto,FORD,FIESTA,2029,998,955,1530,17696,Ja
62ZFTR,Personenauto,TOYOTA,TOYOTA YARIS,3566,1298,995,1480,17011,Ja
H903TN,Personenauto,MERCEDES-BENZ,A 180,5600,1332,1275,1905,37242,Ja
1ZTZ59,Personenauto,AUDI,A1 SPORTBACK,2823,1395,1115,1660,24031,Ja
5ZLF24,Personenauto,OPEL,ASTRA,2212,1362,1293,1945,27630,Ja
34ZBJP,Personenauto,PEUGEOT,207,4213,1397,1190,1691,19360,Ja
3THB23,Personenauto,FORD,FIESTA,710,1242,954,1495,15789,Ja
10TVV4,Personenauto,KIA,RIO,,1248,999,1560,13886,Ja
84NSN3,Personenauto,PORSCHE,911 CARRERA 4S,45380,3824,1575,1975,,Ja
3KJZ84,Personenauto,RENAULT,MEGANE,1010,1461,1190,1813,28075,Ja
ZT974K,Personenauto,SEAT,TARRACO,10501,1498,1534,2330,45440,Ja
34ZBD9,Personenauto,SUZUKI,IGNIS,2462,1328,960,1470,,Ja
1TPK49,Personenauto,TOYOTA,TOYOTA AYGO,816,998,805,1190,,Ja
K782HJ,Personenauto,TOYOTA,TOYOTA COROLLA,1197,1798,1265,1835,30687,Ja
TG721T,Personenauto,TOYOTA,TOYOTA AYGO,1036,998,795,1180,,Ja
70GDR4,Personenauto,VOLKSWAGEN,GOLF,4777,1390,1180,1820,24244,Ja
4TLX45,Personenauto,NISSAN,NISSAN QASHQAI,4410,1197,1250,1860,27540,Ja
GK258F,Personenauto,SKODA,OCTAVIA,3383,1197,1152,1822,26300,Ja
02NPB1,Personenauto,RENAULT,MEGANE SCENIC,8118,1997,1405,2128,35430,Ja
SF219P,Personenauto,FORD,FOCUS,2997,1499,1268,1900,31424,Ja
67SHXX,Personenauto,SUZUKI,SWIFT,2731,1328,965,1485,10320,Ja
NL099G,Personenauto,CITROEN,C1,1297,998,830,1240,12265,Ja
J652ZZ,Personenauto,SUZUKI,SWIFT,1767,1242,825,1365,19836,Ja
22RGH5,Personenauto,SEAT,ALTEA XL,4923,1390,1378,2022,24872,Ja
29PNTH,Personenauto,SEAT,IBIZA,3015,1390,1028,1567,,Ja
21KZJ7,Personenauto,CHEVROLET,MATIZ,,796,750,1250,7111,Ja
93SKVL,Personenauto,NISSAN,NISSAN MICRA,3242,1386,960,1475,,Ja
G896JP,Personenauto,SKODA,KAROQ,5610,1498,1295,1881,40095,Ja
09LLZN,Personenauto,ALFA ROMEO,115 SPIDER,907,,1040,1360,,Ja
K525VT,Personenauto,NISSAN,NISSAN MICRA,3674,999,1035,1550,21741,Ja
35RNK9,Personenauto,PEUGEOT,3008,5831,1598,1374,2020,28800,Ja
19SHVT,Personenauto,RENAULT,MEGANE SCENIC,6685,1998,1429,1985,,Ja
48RLT4,Personenauto,VOLVO,C30,5538,1999,1229,1750,19995,Ja
2SZB34,Personenauto,VOLKSWAGEN,POLO,1010,1199,1050,1590,20146,Ja
89NPJS,Personenauto,PEUGEOT,307,4792,1587,1299,1923,,Ja
34ZBH3,Personenauto,HYUNDAI,I 10,,998,863,1400,9890,Ja
PX661B,Personenauto,OPEL,KARL / VIVA,1693,999,839,1353,13747,Ja
KT093H,Personenauto,CITROEN,C3,2305,1199,1025,1600,19295,Ja
3SZN87,Personenauto,SUZUKI,ALTO,,996,830,1250,9829,Ja
H063KP,Personenauto,VW,T-CROSS,2254,999,1170,1750,30638,Ja
52XHFV,Personenauto,CITROEN,C4 PICASSO,7384,1749,1445,2000,30934,Ja
22TVTD,Personenauto,ALFA ROMEO,ALFA ROMEO 147,9236,1910,1285,1830,32016,Ja
TB214H,Personenauto,BMW,540I XDRIVE,9091,2998,1635,2340,99518,Ja
05PZN6,Personenauto,FIAT,FIAT PANDA,,1242,835,1305,9794,Ja
93JRF8,Personenauto,OPEL,AGILA,2974,1242,1015,1485,15714,Ja
05ZKJK,Personenauto,SUZUKI,SWIFT,4811,1586,1005,1485,15342,Ja
NV118X,Personenauto,HYUNDAI,I20,2023,998,1040,1600,17920,Ja
45HNJ9,Personenauto,RENAULT,LAGUNA,6298,1997,1365,1940,,Ja
JZ668P,Personenauto,RENAULT,CLIO,2374,898,1064,1629,18285,Ja
84SXXD,Personenauto,CITROEN,CITROEN C1,1496,998,775,1190,9544,Ja
NV786J,Personenauto,BMW,5ER REIHE,4118,2497,1560,2145,64087,Ja
53ZFZ1,Personenauto,ALFA ROMEO,ALFA GIULIETTA,4945,1368,1265,1795,30770,Ja
11JHKB,Personenauto,BMW,Z REIHE,9585,1895,1195,1490,,Ja
PJ286X,Personenauto,RENAULT,TWINGO,1759,999,840,1360,12885,Ja
63NZNF,Personenauto,OPEL,MERIVA-A,4035,1796,1280,1835,,Ja
K979GR,Personenauto,FORD,PUMA,3550,999,1180,1765,23646,Ja
17PVJ2,Personenauto,FORD,KA,554,1242,840,1320,10450,Ja
G659ND,Personenauto,RENAULT,MEGANE,3312,1332,1254,1839,33841,Ja
16GRH3,Personenauto,OPEL,CORSA,4249,1364,1088,1640,20318,Ja
PHDZ93,Personenauto,MITSUBISHI,ECLIPSE,6532,,1295,1750,,Ja
GJ654H,Personenauto,NISSAN,NISSAN NOTE,2205,1198,980,1510,18481,Ja
JS31RS,Personenauto,MERCEDES-BENZ,200 D,,,1346,,,Nee
78PGGD,Personenauto,CITROEN,XSARA PICASSO,5005,1749,1220,1795,,Ja
SRJL54,Personenauto,CITROEN,XM,11881,,1566,2125,,Ja
NL502R,Personenauto,KIA,PICANTO,1759,998,825,1370,12995,Ja
NR157K,Personenauto,JEEP,RENEGADE,7731,1368,1295,1865,29360,Ja
KD830S,Personenauto,PEUGEOT,208,2029,1199,950,1546,18540,Ja
NV766S,Personenauto,VOLKSWAGEN,POLO,3236,1197,1007,1590,22022,Ja
67PVLF,Personenauto,FIAT,FIAT IDEA,3750,1368,1130,1655,,Ja
XZSV90,Personenauto,SEAT,AROSA,1710,1390,870,1360,,Ja
XS021L,Personenauto,HYUNDAI,KONA,,,1660,2170,45610,Ja
TP711K,Personenauto,BMW,320I,8193,1998,1495,2120,47901,Ja
67XZHP,Personenauto,VOLKSWAGEN,JETTA,5939,1598,1246,1870,,Ja
K522LB,Personenauto,FORD,FOCUS,2682,999,1244,1890,35359,Ja
ZB963X,Personenauto,FIAT,FIAT 500,1522,875,905,1370,18555,Ja
KP984N,Personenauto,MERCEDES-BENZ,C 220 D,7355,2143,1515,2095,70172,Ja
K583PN,Personenauto,TOYOTA,TOYOTA GR YARIS,10274,1618,1255,1645,50682,Ja
K366HN,Personenauto,VOLKSWAGEN,ID.3 PRO 150 KW,,,1694,2260,49176,Ja
93SNRV,Personenauto,PEUGEOT,307,5611,1587,1335,1940,24439,Ja
KR098D,Personenauto,FORD,FIESTA,2029,998,955,1530,17696,Ja
48JFB3,Personenauto,TOYOTA,TOYOTA IQ,,998,835,1210,16790,Ja
K915GN,Personenauto,RENAULT,CAPTUR,4294,999,1165,1751,25804,Ja
H292NK,Personenauto,VOLVO,XC90,20738,4414,2107,2760,,Ja
HH137S,Personenauto,HYUNDAI,I10,1960,998,908,1310,13550,Ja
K748GN,Personenauto,JAGUAR,JAGUAR I-PACE,,,2144,2670,69995,Ja
K580GB,Personenauto,MERCEDES-BENZ,A 180,1368,1595,1270,1935,32758,Ja
GN255S,Personenauto,VOLVO,V60,9718,1596,1450,2110,42589,Ja
SB632L,Personenauto,BMW,X6 M50D,20145,2993,2160,2900,144688,Ja
GV404N,Personenauto,TOYOTA,TOYOTA AYGO,1081,998,830,1240,12785,Ja
HT666F,Personenauto,PEUGEOT,2008,2461,1199,1065,1656,25010,Ja
40PLSL,Personenauto,FORD,FIESTA,2053,1299,1005,1530,,Ja
52XBVK,Personenauto,MERCEDES-BENZ,E 280 CDI,21311,2987,1770,2420,77067,Ja
17LPBH,Personenauto,CITROEN,XSARA PICASSO,4407,1587,1215,1790,,Ja
29JVTP,Personenauto,SUZUKI,WAGON R,2286,1298,905,1355,,Ja
26KTX5,Personenauto,SKODA,YETI,4653,1197,1245,1890,24699,Ja
89XFHF,Personenauto,CITROEN,CITROEN C1,990,998,775,1180,10339,Ja
RLRJ66,Personenauto,JAGUAR,SOVEREIGN 3.2,20162,3239,1728,2295,,Ja
7THL02,Personenauto,MAZDA,MAZDA 2,2835,1349,935,1485,16034,Ja
78LSZ9,Personenauto,PEUGEOT,207,2958,1397,1145,1640,16970,Ja
NR345T,Personenauto,BMW,118I,3671,1499,1295,1885,40611,Ja
57HLS8,Personenauto,HONDA,CIVIC 4DR HYBRID,,1339,1268,1720,24550,Ja
SV962S,Personenauto,KIA,PICANTO,2014,998,835,1400,12715,Ja
HB882V,Personenauto,VOLKSWAGEN,UP!,1564,999,840,1290,12520,Ja
46DJPS,Personenauto,VOLKSWAGEN,PASSAT,6768,1781,1293,1910,,Nee
JL755N,Personenauto,MERCEDES-BENZ,B 180,5116,1595,1325,1960,38733,Ja
58ZJKN,Personenauto,NISSAN,NISSAN NOTE,4116,1598,1082,1560,,Ja
6KDD25,Personenauto,VOLKSWAGEN,GOLF,2375,1197,1135,1730,26443,Ja
54JRDL,Personenauto,VOLVO,S60,7436,2435,1443,1980,,Ja
04JDFJ,Personenauto,PEUGEOT,206,4324,1587,1115,1535,,Ja
43TDZZ,Personenauto,TOYOTA,TOYOTA YARIS,3299,1298,995,1480,16040,Ja
27RRD6,Personenauto,VOLKSWAGEN,GOLF PLUS,6057,1598,1350,1970,30310,Ja
RB61GD,Personenauto,VOLKSWAGEN,POLO COUPE C 40KW,,1272,737,1170,,Ja
72SPTS,Personenauto,CHEVROLET,MATIZ,2051,995,770,1270,11570,Ja
GJ074V,Personenauto,FIAT,FIAT 500,1081,875,945,1385,22260,Ja
J639JH,Personenauto,BMW,3ER REIHE,8915,1995,1600,2055,,Ja
80NBL8,Personenauto,FORD,FOCUS,4069,1596,1149,1820,20141,Ja
KL412B,Personenauto,VOLKSWAGEN,UP!,1753,999,840,1290,14852,Ja
SHRZ59,Personenauto,VOLKSWAGEN,PASSAT,6041,,1295,1870,,Ja
GT817S,Personenauto,VOLKSWAGEN,GOLF,397,1395,1499,2020,42004,Ja
H311LB,Personenauto,SKODA,KODIAQ,7019,1498,1449,2157,37350,Ja
15TDP2,Personenauto,MITSUBISHI,MITSUBISHI LANCER,3349,1590,1275,1800,20898,Ja
18GFGN,Personenauto,BMW,3ER REIHE,7986,1895,1295,1820,,Ja
48NTDT,Personenauto,FIAT,FIAT DOBLO,3778,1596,1286,1830,,Ja
11JXNN,Personenauto,PEUGEOT,206,3013,1360,925,1450,,Ja
8922ZD,Personenauto,DAF,6623,,,805,,,Ja
64PKKG,Personenauto,FORD,FOCUS,3691,1596,1031,1570,,Ja
3TPN94,Personenauto,VOLKSWAGEN,GOLF,3675,1395,1147,1750,29939,Ja
84ZNTT,Personenauto,RENAULT,CLIO,2513,1149,1085,1598,,Ja
54DNLG,Personenauto,VOLVO,S80,60015,2783,1605,2100,,Ja
XD855T,Personenauto,LAND ROVER,RANGE ROVER EVOQUE,13935,1997,1705,2350,95345,Ja
47SNTS,Personenauto,VOLVO,V50,7886,1798,1281,1890,32909,Ja
37JFB7,Personenauto,MERCEDES-BENZ,SL 500,33686,4966,1745,2140,,Ja
15LKXJ,Personenauto,VOLVO,S40,4790,1948,1255,1750,,Ja
73HHZL,Personenauto,OPEL,ZAFIRA-A,5440,1796,1345,1990,,Ja
62PKFK,Personenauto,AUDI,AUDI A4,11162,1781,1405,1980,,Ja
PF633K,Personenauto,KIA,RIO,1693,998,1055,1600,17425,Ja
XD902R,Personenauto,BMW,320D,4116,1995,1505,2125,55180,Ja
86SRS5,Personenauto,TRABANT,601 TX /HYCOMAT/,,595,515,1000,,Nee
77DSBX,Personenauto,FIAT,FIAT MAREA WEEKEND,4566,1747,1230,1850,,Ja
69LXFG,Personenauto,PEUGEOT,206,3142,1360,955,1480,,Ja
PF713L,Personenauto,RENAULT,KADJAR,5701,1197,1281,1853,31010,Ja
GK478D,Personenauto,VOLKSWAGEN,UP,1564,999,840,1290,12858,Ja
XL895K,Personenauto,FIAT,FIAT TIPO,7706,1368,1280,1855,30465,Ja
65RDLR,Personenauto,PEUGEOT,206,2646,1124,885,1405,13668,Ja
KP407D,Personenauto,TOYOTA,TOYOTA YARIS,1753,998,955,1450,15840,Ja
K916JJ,Personenauto,SEAT,LEON SPORTSTOURER,4046,1498,1274,1960,33520,Ja
78LTNH,Personenauto,MITSUBISHI,SPACE STAR,3012,1299,1135,1655,,Ja
SH532K,Personenauto,FORD,FOCUS,6247,1498,1250,1900,31791,Ja
RH46ZS,Personenauto,CITROEN,2 CV 6 CLUB S6,,602,560,930,,Ja
5SGL60,Personenauto,FORD,FOCUS,1010,1560,1274,1900,28491,Ja
76PPBK,Personenauto,OPEL,ZAFIRA-A,6683,2198,1365,2010,,Ja
KG026G,Personenauto,RENAULT,CAPTUR,4248,898,1080,1653,23285,Ja
02HVRB,Personenauto,RENAULT,MEGANE SCENIC,4244,1390,1210,1795,,Ja
XPDF31,Personenauto,OPEL,ASTRA-G-CC,3341,1598,1075,1645,,Ja
TR350K,Personenauto,PEUGEOT,208,4023,1199,1065,1630,22909,Ja
XH552G,Personenauto,CITROEN,C4 CACTUS,3189,1199,1040,1575,22674,Ja
01HLV1,Personenauto,PEUGEOT,206,2328,1360,925,1450,11895,Ja
44XXTX,Personenauto,OPEL,ZAFIRA,5967,1598,1405,2090,25790,Ja
TFZN57,Personenauto,MERCEDES-BENZ,300 SL,,2962,1484,1930,,Nee
9TRB85,Personenauto,AUDI,A4 AVANT,8117,1968,1510,2105,42310,Ja
PS205X,Personenauto,MINI,MINI COOPER,4556,1598,1050,1505,,Ja
9SGR31,Personenauto,HYUNDAI,IX20,5500,1591,1155,1710,25580,Ja
NJ195Z,Personenauto,RENAULT,CAPTUR,2814,1197,1159,1723,25580,Ja
93TRV2,Personenauto,RENAULT,TWINGO,,1149,839,1360,8685,Ja
ZT765S,Personenauto,VOLVO,XC90,9133,1969,1938,2750,92270,Ja
KB457B,Personenauto,TOYOTA,TOYOTA AURIS,420,1798,1310,1865,29840,Ja
83LND8,Personenauto,PEUGEOT,206+,2626,1360,916,1421,13720,Ja
RX052X,Personenauto,VOLKSWAGEN,POLO,921,1390,970,1550,19782,Ja
XF722P,Personenauto,PEUGEOT,308,4684,1499,1270,1900,29369,Ja
83ZBT3,Personenauto,PEUGEOT,PEUGEOT 107,,998,780,1190,10330,Ja
11GXS4,Personenauto,CHEVROLET,AVEO,3175,1399,1050,1548,16220,Ja
TL963V,Personenauto,ROVER,MINI 1000 CITY E,,998,590,,,Ja
45XDL9,Personenauto,RENAULT,MEGANE,,1461,1283,1864,27655,Ja
JS487T,Personenauto,MERCEDES-BENZ,B 250,4801,1991,1375,2000,47843,Ja
5XTB32,Personenauto,SUZUKI,SX4,3906,1586,1100,1730,25184,Ja
PF912F,Personenauto,VOLKSWAGEN,CADDY,903,1197,1338,2180,29610,Ja
09LZG9,Personenauto,SUZUKI,ALTO,,996,830,1250,8798,Ja
H165PF,Personenauto,PEUGEOT,5008,4955,1199,1405,2170,42539,Ja
7KFF79,Personenauto,SKODA,RAPID,2375,1197,1055,1615,16479,Ja
96NXR6,Personenauto,FIAT,FIAT PUNTO,,1248,1120,1705,17141,Ja
65XGSB,Personenauto,VOLKSWAGEN,GOLF,6173,1598,1159,1810,,Ja
KT748V,Personenauto,CITROEN,C1,1270,998,830,1240,12335,Ja
55SFV5,Personenauto,BMW,330I,15897,2979,1529,2000,,Ja
J161GX,Personenauto,LAND ROVER,DEFENDER,45994,2996,2331,3165,149574,Ja
2SVJ75,Personenauto,SEAT,MII,,999,840,1290,12933,Ja
XK825H,Personenauto,VOLKSWAGEN,GOLF,472,1197,1133,1790,25113,Ja
65GLKK,Personenauto,RENAULT,MEGANE SCENIC,7657,1870,1265,1840,,Nee
KD109J,Personenauto,HYUNDAI,I10,1960,998,908,1310,12995,Ja
18LDV4,Personenauto,SUZUKI,SPLASH,2586,1242,1015,1485,14688,Ja
JGRP37,Personenauto,DAIHATSU,FEROZA RESIN-TOP EL-INJ.,3442,,1220,,,Nee
H407HK,Personenauto,KIA,PICANTO,356,998,920,1405,18744,Ja
87GJL6,Personenauto,VOLKSWAGEN,GOLF,8542,1984,1303,1900,34380,Ja
72NRRJ,Personenauto,PEUGEOT,307,4157,1360,1145,1639,,Ja
29ZJB5,Personenauto,TOYOTA,TOYOTA VERSO,8131,1798,1420,2125,32326,Ja
99GLV5,Personenauto,MERCEDES-BENZ,C 180 KOMPRESSOR,14193,1796,1450,2080,57054,Ja
49TGV8,Personenauto,CITROEN,CITROEN C1,,998,805,1190,10725,Ja
XH931V,Personenauto,MERCEDES-BENZ,A 180,5413,1332,1265,1880,39311,Ja
NB463L,Personenauto,HYUNDAI,I10,1960,998,908,1310,13550,Ja
70JTXK,Personenauto,VOLKSWAGEN,POLO,4044,1390,1028,1600,,Ja
41GBJ3,Personenauto,FORD,GALAXY,7875,1999,1597,2415,,Ja
60ZNPJ,Personenauto,VOLKSWAGEN,POLO,3579,1390,988,1580,16580,Ja
SK932L,Personenauto,OPEL,KARL / VIVA,1825,999,839,1353,12398,Ja
6SKJ63,Personenauto,VOLKSWAGEN,UP,,999,840,1290,11020,Ja
TG812L,Personenauto,RENAULT,TWINGO,1888,999,840,1360,12395,Ja
50ZFXD,Personenauto,FIAT,FIAT PUNTO,2734,1242,990,1575,,Ja
15GJN1,Personenauto,FORD,FOCUS,4315,1596,1177,1820,,Ja
4TGL35,Personenauto,VOLKSWAGEN,UP,1785,999,832,1290,16309,Ja
NB211D,Personenauto,MINI,COOPER S,5556,1598,1285,1820,46282,Ja
5KVN47,Personenauto,PEUGEOT,2008,2375,1199,1020,1582,22140,Ja
J162BK,Personenauto,MERCEDES-BENZ,A 180 D,6236,1461,1345,1935,35018,Nee
8KRD90,Personenauto,RENAULT,TWINGO,1125,1149,839,1360,11185,Ja
PRDT77,Personenauto,BMW,5ER REIHE,11712,,1395,1955,,Ja
84LRLG,Personenauto,SUZUKI,IGNIS,2638,1328,890,1430,,Ja
92XLDZ,Personenauto,SMART,FORTWO COUPE,2643,1000,725,1020,14973,Ja
16KPZ4,Personenauto,SUZUKI,SPLASH,2828,1242,1015,1485,15979,Ja
HH002S,Personenauto,TOYOTA,TOYOTA AURIS,667,1798,1310,1865,31740,Ja
21ZGZ2,Personenauto,MERCEDES-BENZ,A 180 CDI,5800,1461,1295,1960,38092,Ja
97DFGR,Personenauto,PEUGEOT,406,5023,1761,1285,1960,,Ja
JJ225X,Personenauto,SUZUKI,CELERIO,2029,998,785,1260,13598,Ja
47ZBDZ,Personenauto,HYUNDAI,TUCSON,5163,1975,1437,2050,,Ja
JG159D,Personenauto,PEUGEOT,208,2374,1199,950,1546,18145,Ja
XXBL94,Personenauto,VOLKSWAGEN,BORA,5100,1595,1137,1720,,Ja
H578ZX,Personenauto,PEUGEOT,208,2633,1199,1065,1595,20330,Ja
XD889X,Personenauto,RENAULT,ZOE,,,1448,1923,32563,Ja
TJ552K,Personenauto,TOYOTA,TOYOTA AURIS,1825,1798,1285,1815,27860,Ja
94RJLK,Personenauto,BMW,5ER REIHE,22977,2996,1565,2190,87526,Ja
GN904Z,Personenauto,NISSAN,NISSAN PIXO,,996,830,1250,9697,Ja
ZT924K,Personenauto,VOLKSWAGEN,T-CROSS,4038,999,1170,1750,29473,Ja
40LBD7,Personenauto,CITROEN,CITROEN C1,,998,775,1180,9110,Ja
79LHBK,Personenauto,MERCEDES-BENZ,E 320,19417,3199,1545,2170,,Ja
10TZF1,Personenauto,FORD,FIESTA,2166,1242,954,1495,16139,Ja
76HRF7,Personenauto,RENAULT,MEGANE,4000,1598,1180,1722,,Ja
G572PZ,Personenauto,VOLKSWAGEN,TIGUAN,7051,1498,1440,2130,49605,Ja
GD638K,Personenauto,OPEL,ASTRA,652,1598,1343,1940,32130,Ja
J429XH,Personenauto,RENAULT,ZOE,,,1477,1988,37544,Ja
81ZTN9,Personenauto,PEUGEOT,308,9621,1598,1490,1940,42350,Ja
XB982F,Personenauto,TESLA,MODEL S,,,2190,2694,118650,Ja
99KPG2,Personenauto,VOLKSWAGEN,POLO,5010,1598,1057,1650,24592,Ja
05TZHZ,Personenauto,OPEL,CORSA,2984,1229,1030,1575,16269,Nee
4KLL84,Personenauto,RENAULT,MEGANE SCENIC,4089,1461,1447,2200,35175,Ja
2KJX65,Personenauto,TOYOTA,TOYOTA AYGO,500,998,780,1190,10245,Ja
11NHH7,Personenauto,HONDA,JAZZ,2906,1339,971,1490,,Ja
26SRKP,Personenauto,PEUGEOT,206,8113,1560,1185,1590,30189,Ja
TN810D,Personenauto,MERCEDES-BENZ,C 200 CDI,12032,2148,1480,2080,,Ja
99XGR8,Personenauto,KIA,PICANTO,,1248,830,1370,11340,Ja
24TGX3,Personenauto,PEUGEOT,PEUGEOT 107,,998,780,1190,10920,Ja
ST331Z,Personenauto,AUDI,A1,5588,1422,1065,1540,27631,Ja
36PBTB,Personenauto,RENAULT,CLIO,3407,1598,995,1540,,Ja
1ZDT14,Personenauto,TOYOTA,TOYOTA AYGO,945,998,835,1240,13905,Ja
KK130V,Personenauto,KIA,CEE'D,5984,1591,1196,1820,25890,Ja
7ZRN20,Personenauto,VOLKSWAGEN,TOURAN,5847,1197,1360,2090,33829,Ja
53KBG6,Personenauto,SEAT,ALTEA XL,5225,1595,1334,1979,24602,Ja
30PNHT,Personenauto,BMW,1ER REIHE,8901,1995,1285,1810,,Ja
NF154D,Personenauto,VOLKSWAGEN,GOLF,4496,1395,1147,1770,34290,Ja
35NXX9,Personenauto,VOLKSWAGEN,POLO,,1199,1050,1590,19463,Ja
50LZTN,Personenauto,TOYOTA,YARIS,3017,998,890,1375,,Ja
JK967D,Personenauto,LAND ROVER,RANGE ROVER SPORT,19122,2993,2396,3150,137450,Ja
PG592F,Personenauto,OPEL,MOVANO,22069,2299,2600,3500,62839,Ja
18JXT7,Personenauto,SUZUKI,ALTO,,996,830,1250,7999,Ja
J167DP,Personenauto,OPEL,CROSSLAND X,2724,1199,1148,1790,29248,Ja
K115BK,Personenauto,FORD,FIESTA,1938,999,1064,1690,19462,Ja
86NXK8,Personenauto,OPEL,CORSA,,1248,1063,1610,18195,Ja
HP775L,Personenauto,OPEL,KARL / VIVA,1840,999,839,1353,12761,Ja
YP35YT,Personenauto,ALFA ROMEO,GIULIA SUPER 1.6 LUSSO,,,1042,,,Nee
YF05SL,Personenauto,LADA,2105-1.2 L K9,,1189,962,1460,,Nee
34KBS2,Personenauto,FORD,FUSION,4929,1596,1064,1630,21084,Ja
3XSP96,Personenauto,OPEL,CORSA,2063,1229,1028,1575,14800,Ja
NH805T,Personenauto,SKODA,FABIA,2656,1197,1009,1564,17833,Ja
L893GR,Personenauto,SKODA,ENYAQ 60,,,1865,2509,44635,Ja
ZR824T,Personenauto,VOLKSWAGEN,T-ROC,6134,1498,1250,1860,36650,Ja
SP451L,Personenauto,SKODA,FABIA,2216,999,1034,1589,19390,Ja
27PHJ8,Personenauto,PEUGEOT,5008,8255,1560,1447,2070,33600,Ja
J281ZT,Personenauto,TOYOTA,TOYOTA RAV4,388,2487,1905,2510,51972,Ja
PV169H,Personenauto,MAZDA,MAZDA6,2649,1998,1280,1980,31736,Ja
NB390G,Personenauto,MERCEDES-BENZ,V-KLASSE,17170,2143,2045,3100,101630,Ja
87SBL2,Personenauto,CITROEN,CITROEN C1,,998,805,1190,9805,Ja
60TTPD,Personenauto,CHRYSLER,300C,16111,2987,1810,2385,58532,Ja
ZD321S,Personenauto,FIAT,FIAT 500,2466,1242,840,1345,18780,Ja
03SPJD,Personenauto,MG,MGF,7459,1796,1050,1320,,Ja
72TSLG,Personenauto,SKODA,ROOMSTER,4821,1390,1130,1670,,Ja
JT921S,Personenauto,MAZDA,MAZDA CX-5,6604,1998,1290,1930,33724,Ja
45SZT1,Personenauto,FORD,KA,699,1242,840,1320,11499,Ja
XX382N,Personenauto,MERCEDES-BENZ,CLA 180,4615,1595,1295,1920,40578,Ja
SB141D,Personenauto,FORD,FIESTA,3781,1499,1091,1680,23417,Ja
81NGS1,Personenauto,SUZUKI,ALTO,,996,830,1250,10499,Ja
06NKV6,Personenauto,SKODA,YETI,5063,1390,1275,1920,25412,Ja
J693JD,Personenauto,KIA,NIRO,,,1712,2230,47765,Ja
57PPG2,Personenauto,HYUNDAI,I 10,,1248,885,1410,10360,Ja
28SZG3,Personenauto,FORD-CNG-TECHNIK,FIESTA,1540,1388,1014,1530,17991,Ja
12SLPS,Personenauto,RENAULT,MODUS,3910,1598,1145,1660,,Ja
45RLSV,Personenauto,OPEL,CORSA-C,3357,1229,935,1455,16299,Ja
60XZVH,Personenauto,OPEL,MERIVA-A,4282,1364,1230,1810,19668,Ja
29KJN7,Personenauto,DACIA,SANDERO,2399,1598,1011,1536,,Ja
SP395D,Personenauto,OPEL,CROSSLAND X,3884,1199,1134,1770,31173,Ja
92SFZ1,Personenauto,TOYOTA,TOYOTA VERSO-S,2011,1329,1060,1550,20226,Ja
JP993F,Personenauto,RENAULT,TWINGO,1230,1149,930,1370,,Ja
78JVLZ,Personenauto,PEUGEOT,206,2366,1124,885,1405,,Ja
HL131D,Personenauto,MERCEDES-BENZ,A 180,4167,1595,1295,1920,39277,Ja
RB366Z,Personenauto,SUZUKI,SX4,4831,1373,1125,1730,28558,Ja
NF175S,Personenauto,OPEL,MOKKA X,6480,1364,1294,1828,27126,Ja
16PXT2,Personenauto,RENAULT,MEGANE SCENIC,8542,1997,1405,2128,32950,Ja
34RDDS,Personenauto,PEUGEOT,PARTNER,3354,1360,1163,1780,16239,Ja
JS169N,Personenauto,HYUNDAI,I20,2029,998,1040,1600,18670,Ja
HJ319L,Personenauto,OPEL,ASTRA,2983,1398,1273,1885,20819,Ja
79ZRJZ,Personenauto,HYUNDAI,MATRIX,4990,1599,1244,1820,19709,Ja
87LFV1,Personenauto,PORSCHE,CAYENNE,15153,3598,2145,2945,,Ja
RX763R,Personenauto,TESLA,MODEL S,,,2190,2694,126150,Ja
18LTP6,Personenauto,CHEVROLET,SPARK,471,995,839,1367,10095,Ja
01NHSF,Personenauto,BMW,Z1 U9,16888,2494,1285,1460,,Ja
64XPF2,Personenauto,CITROEN,C3,,1560,1060,1625,17020,Ja
JG828X,Personenauto,HONDA,HR-V,4872,1498,1220,1790,32210,Ja
5THR76,Personenauto,BMW,528I,12510,2996,1700,2375,64409,Ja
42ZPDP,Personenauto,VOLKSWAGEN,FOX,1843,1198,969,1480,,Ja
XSTH70,Personenauto,VOLKSWAGEN,GOLF,6091,1595,1123,1720,,Ja
PTDR29,Personenauto,BMW,7ER REIHE,19735,,1715,2275,,Ja
27RRJ2,Personenauto,VOLKSWAGEN,GOLF,6307,1598,1373,1980,32509,Nee
94TGBF,Personenauto,PEUGEOT,207,3260,1360,1114,1620,15898,Ja
09GBP1,Personenauto,KIA,RIO,1669,1399,1054,1580,12444,Ja
69HNJZ,Personenauto,OPEL,CORSA-C,2773,1389,953,1525,,Ja
53NHTK,Personenauto,OPEL,CORSA-C,1976,1199,935,1430,,Ja
KX019F,Personenauto,SUZUKI,SX4,3380,998,1065,1730,26598,Ja
1SVL32,Personenauto,MITSUBISHI,MITSUBISHI OUTLANDER,,1998,1785,2310,49679,Ja
15ZPJB,Personenauto,MITSUBISHI,MITSUBISHI OUTLANDER,10855,2360,1600,2290,,Ja
8ZTH57,Personenauto,MERCEDES-BENZ,B 200 CDI,5109,2143,1405,2025,41897,Ja
STBG69,Personenauto,SUZUKI,ALTO,1433,,725,1170,,Ja
84PSTZ,Personenauto,MAZDA,MAZDA 3,4786,1598,1160,1695,,Ja
JF559Z,Personenauto,BMW,3ER REIHE,2946,1995,1465,2030,46500,Ja
ZG748J,Personenauto,MERCEDES-BENZ,SLK 200,5918,1796,1370,1785,52713,Ja
4TLX87,Personenauto,DACIA,LODGY,5166,1197,1180,1885,20725,Ja
TLTT76,Personenauto,TOYOTA,TOYOTA COROLLA,3373,,1050,1615,,Ja
RH134L,Personenauto,MAZDA,MAZDA CX-3,7296,1998,1130,1690,26545,Ja
27XGR1,Personenauto,MERCEDES-BENZ,B 180,5422,1595,1295,1960,34111,Ja
PK132N,Personenauto,HONDA,CIVIC 5DR,4418,1339,1156,1680,25559,Ja
SZ439R,Personenauto,OPEL,ASTRA SPORTS TOURER+,2772,999,1178,1850,28721,Ja
HX740N,Personenauto,TOYOTA,TOYOTA AYGO,1081,998,830,1240,13235,Ja
NB203S,Personenauto,NISSAN,NISSAN PULSAR,4124,1197,1180,1750,27656,Ja
H489ZJ,Personenauto,BMW,330I,2267,1998,1445,2060,80356,Ja
27TST5,Personenauto,OPEL,CORSA,2233,1398,1041,1625,16952,Ja
L226JJ,Personenauto,KIA,PICANTO,2486,998,878,1400,14915,Ja
4XRH15,Personenauto,RENAULT,CAPTUR,3906,1197,1155,1726,24075,Ja
31NXZP,Personenauto,FIAT,FIAT STILO,4047,1596,1170,1705,,Ja
02PKX9,Personenauto,VOLKSWAGEN,PASSAT CC,6872,1798,1413,2060,34063,Ja
4ZPD74,Personenauto,VOLKSWAGEN,POLO,848,1198,967,1550,17161,Ja
J114DN,Personenauto,PEUGEOT,108,1596,998,815,1240,13471,Ja
83PGV6,Personenauto,OPEL,MERIVA,4229,1364,1293,1935,23328,Ja
JV001P,Personenauto,RENAULT,CLIO,2374,898,1064,1629,18590,Ja
J502TF,Personenauto,VOLKSWAGEN,GOLF PLUS,1059,1390,1316,1970,29879,Ja
68FRLF,Personenauto,OPEL,ASTRA-G-CC,3215,1598,1063,1625,,Ja
LT21HT,Personenauto,VOLVO,340 DL,,1397,945,1405,,Ja
9KFX54,Personenauto,OPEL,MERIVA,4625,1398,1261,1905,19735,Ja
TS020H,Personenauto,FORD,KA,557,1242,840,1320,10499,Ja
76XPLB,Personenauto,SUZUKI,SX4,4046,1586,1140,1650,14063,Ja
56KRG7,Personenauto,TOYOTA,TOYOTA VERSO,5186,1598,1395,2125,26219,Ja
SX763S,Personenauto,RENAULT,CLIO,407,1461,1050,1651,19564,Ja
PL315H,Personenauto,KIA,SORENTO,25764,2199,1853,2620,69990,Ja
35ZKP8,Personenauto,CITROEN,CITROEN C1,,998,805,1190,10411,Ja
36LKH8,Personenauto,PEUGEOT,308,7415,1598,1490,1940,36800,Ja
5ZVD71,Personenauto,VOLVO,V60,13306,1984,1535,2200,56225,Ja
08NSX2,Personenauto,OPEL,ASTRA,5140,1598,1238,1860,28095,Ja
89XLNL,Personenauto,VOLKSWAGEN,CALIFORNIA,9640,2461,2388,3000,,Ja
76RHH5,Personenauto,TOYOTA,TOYOTA AYGO,,998,795,1180,11315,Ja
JF210Z,Personenauto,HYUNDAI,TUCSON,7596,1591,1354,1895,30810,Ja
68GBH6,Personenauto,RENAULT,TWINGO,924,1149,900,1345,,Ja
4XKX67,Personenauto,KIA,PICANTO,735,998,820,1340,12485,Ja
NB478R,Personenauto,HYUNDAI,I10,1960,998,908,1310,13590,Ja
94GKH9,Personenauto,OPEL,AGILA,2159,1242,965,1485,14318,Ja
4ZHG61,Personenauto,SEAT,LEON,1093,1598,1160,1730,26385,Ja
NH628Z,Personenauto,ALFA ROMEO,GIULIA,7441,1995,1404,2005,45561,Ja
26PJT7,Personenauto,HONDA,INSIGHT,,1339,1176,1650,23500,Ja
JG069P,Personenauto,FORD,C-MAX,3049,999,1291,1900,25833,Ja
1KNR57,Personenauto,FORD,C-MAX,2750,998,1291,1900,27349,Ja
32LLD4,Personenauto,FORD,FIESTA,1676,1299,1012,1540,,Ja
GG507R,Personenauto,VOLKSWAGEN,TIGUAN,7601,1390,1451,2120,44416,Ja
5TDF37,Personenauto,HYUNDAI,I20,1750,1248,945,1515,15535,Ja
49TDZX,Personenauto,MITSUBISHI,MITSUBISHI COLT,2655,1332,930,1435,,Ja
31XPF6,Personenauto,CITROEN,C3,,1560,1060,1625,18895,Ja
96RSBT,Personenauto,KNAUS,R04,11789,2800,3783,4500,,Ja
03HBJ1,Personenauto,SEAT,IBIZA,4241,1598,1015,1541,19105,Ja
39XNDG,Personenauto,FORD,MONDEO,6803,1999,1396,2200,,Ja
47YA34,Personenauto,SAAB,99 LCA2,,,1105,1560,,Ja
52JZZL,Personenauto,JAGUAR,X-TYPE 3.0 V6 EXECUTIVE,13888,2967,1510,2160,,Ja
RN874Z,Personenauto,FORD,C-MAX,4396,999,1291,1900,28335,Ja
85PJFL,Personenauto,MITSUBISHI,SPACE STAR,3964,1584,1150,1690,,Ja
17RPTG,Personenauto,TOYOTA,TOYOTA YARIS VERSO,4035,1299,980,1530,18715,Ja
7XGH48,Personenauto,DAIHATSU,CUORE,139,989,695,1200,,Ja
46TRT7,Personenauto,NISSAN,NISSAN PIXO,,996,830,1250,10072,Ja
12PJFN,Personenauto,MITSUBISHI,SPACE STAR,3964,1584,1150,1690,,Ja
39XHL2,Personenauto,KIA,PICANTO,1925,1248,876,1370,12321,Ja
80RDTJ,Personenauto,PEUGEOT,407,8488,1997,1445,2105,34889,Ja
34HXR7,Personenauto,HONDA,CIVIC 4DR HYBRID,,1339,1268,1720,24550,Ja
RH526D,Personenauto,SUZUKI,CELERIO,1033,998,790,1260,11858,Ja
DH81JN,Personenauto,VOLVO,642910,,,818,,,Ja
68LVPJ,Personenauto,MERCEDES-BENZ,A 160,6531,1598,1045,1500,,Ja
00JE47,Personenauto,CITROEN,11 B,,,1110,,,Nee
G131SP,Personenauto,KIA,SOUL,3462,1591,1145,1680,,Ja
3TPN92,Personenauto,AUDI,A4 LIMOUSINE,3780,1798,1405,1980,34551,Ja
7SGB47,Personenauto,TOYOTA,TOYOTA AURIS,,1798,1355,1805,26649,Ja
86ZPKJ,Personenauto,SAAB,SAAB 9-3,13458,1998,1550,2020,54250,Ja
56HXD6,Personenauto,TOYOTA,TOYOTA RAV4,6424,1998,1440,2070,26989,Ja
2SLJ23,Personenauto,RENAULT,MEGANE,1010,1461,1283,1864,31070,Ja
27TBHN,Personenauto,NISSAN,NISSAN NOTE,4328,1598,1082,1560,,Ja
48NRS1,Personenauto,CITROEN,CITROEN C1,594,998,765,1180,,Ja
XN336R,Personenauto,MAZDA,MAZDA 2,3202,1498,935,1485,,Ja
40DXXN,Personenauto,MERCEDES-BENZ,A 140,3887,1397,995,1480,,Ja
18DZVF,Personenauto,TOYOTA,TOYOTA YARIS,1849,998,805,1335,,Ja
XK675G,Personenauto,FIAT,FIAT 500,1522,875,905,1370,18485,Ja
67RKX7,Personenauto,MITSUBISHI,MITSUBISHI ASX,3895,1590,1245,1870,23898,Ja
J323BL,Personenauto,SKODA,KODIAQ,7019,1498,1492,2330,39140,Ja
24TSK7,Personenauto,AUDI,AUDI A1,1955,1197,1015,1490,19686,Ja
HZ78YP,Personenauto,CITROEN,2CV6,,,560,,,Ja
97GDDD,Personenauto,LAND ROVER,RANGE ROVER,20528,4554,2000,2780,,Ja
63DFGB,Personenauto,OPEL,ASTRA-G-CC,3215,1598,1035,1605,,Ja
1ZNT40,Personenauto,LEXUS,LEXUS IS250,11498,2500,1505,2045,47634,Ja
LVDL14,Personenauto,SUZUKI,VITARA CABRIO JLX 16V,3929,1590,1080,1500,,Ja
91RBH2,Personenauto,SUZUKI,SWIFT,1211,1242,935,1480,14799,Ja
43JXS4,Personenauto,TOYOTA,TOYOTA AYGO,486,998,805,1190,,Ja
PR954N,Personenauto,VOLKSWAGEN,POLO,2225,1198,989,1570,,Ja
08TSJ8,Personenauto,OPEL,MERIVA,4460,1364,1293,1935,25107,Ja
66NVTV,Personenauto,PEUGEOT,206,3182,1360,938,1515,,Ja
14XFDS,Personenauto,TOYOTA,TOYOTA AYGO,826,998,780,1190,9690,Ja
62HPPP,Personenauto,FORD,FIESTA,1450,1299,906,1405,,Ja
ZD899S,Personenauto,AUDI,A3 SPORTBACK,4824,1498,1245,1855,41885,Ja
G065DS,Personenauto,VOLKSWAGEN,POLO,2031,999,1045,1610,23130,Ja
NH660B,Personenauto,PEUGEOT,308,2832,1560,1275,1870,28660,Ja
42ZF18,Personenauto,SKODA,S 110 R,,1107,850,1215,,Ja
NL047H,Personenauto,OPEL,KARL / VIVA,1693,999,839,1353,12103,Ja
73RHX4,Personenauto,OPEL,CORSA,,1248,1099,1635,17564,Ja
48JLH5,Personenauto,PEUGEOT,PEUGEOT 107,,998,780,1190,10795,Ja
93NRS9,Personenauto,VOLVO,S40,6653,1999,1260,1850,31599,Ja
19TFZT,Personenauto,VOLKSWAGEN,GOLF,8970,1984,1254,1850,,Ja
4KSF21,Personenauto,FIAT,FIAT 500,,875,945,1385,19305,Ja
63NNL5,Personenauto,VOLKSWAGEN,POLO,,1199,1050,1590,18600,Ja
JB973G,Personenauto,VOLKSWAGEN,POLO,3394,1390,993,1560,,Ja
01XRG7,Personenauto,BMW,X REIHE,18761,2979,1780,2395,82132,Ja
8KHT44,Personenauto,RENAULT,MEGANE SCENIC,3479,1995,1515,2092,38665,Ja
AM4314,Personenauto,VOLKSWAGEN,VW 1/11,,1131,720,1110,,Ja
RT807D,Personenauto,TOYOTA,TOYOTA YARIS HYBRID,411,1497,1060,1565,20625,Ja
26SXB5,Personenauto,RENAULT,TWINGO,,1149,839,1370,9635,Ja
47RRLS,Personenauto,BMW,3ER REIHE,14344,2497,1420,1965,56162,Ja
ZG248F,Personenauto,MINI,CLUBMAN COOPER,2528,1499,1295,1890,43560,Ja
TX014X,Personenauto,OPEL,MOKKA X,7637,1364,1294,1828,29666,Ja
J411FP,Personenauto,TOYOTA,TOYOTA AYGO,,998,805,1190,,Ja
55ZKL4,Personenauto,FIAT,FIAT PUNTO,94,1242,1005,1590,14820,Ja
28RXZ7,Personenauto,PEUGEOT,508,6243,1560,1405,2100,33200,Ja
07RNGG,Personenauto,FORD,FOCUS,5892,1999,1227,1795,,Ja
75XLN9,Personenauto,CHEVROLET,SPARK,,995,929,1367,10553,Ja
JX019B,Personenauto,RENAULT,CAPTUR,3380,898,1080,1653,22375,Ja
G599VK,Personenauto,PEUGEOT,208,2204,1199,1065,1595,22780,Ja
HX159L,Personenauto,VOLKSWAGEN,POLO,1495,999,1011,1560,18095,Ja
25NLGB,Personenauto,DAIHATSU,CUORE,666,989,695,1200,,Ja
KN715J,Personenauto,RENAULT,CLIO,2152,1461,1160,1711,22480,Ja
K865BZ,Personenauto,KIA,SPORTAGE,3133,1591,1314,1830,30423,Ja
53GKL1,Personenauto,VOLKSWAGEN,JETTA CL 51 KW,,1439,835,1330,,Ja
90LBVS,Personenauto,SEAT,CORDOBA-VARIO,3102,1390,1031,1516,,Ja
7TKN50,Personenauto,FIAT,FIAT 500,1327,1242,880,1320,17365,Ja
81TV58,Personenauto,JAGUAR,MK II 2.4,,,1480,,,Ja
GK536N,Personenauto,OPEL,ASTRA STATION WAGON,3320,1598,1215,1840,,Ja
19NLL5,Personenauto,MERCEDES-BENZ,SL 350,11977,3724,1670,2050,,Ja
NB224P,Personenauto,RENAULT,CAPTUR,1439,898,1076,1658,21586,Ja
62HXNL,Personenauto,TOYOTA,TOYOTA YARIS,3129,1299,885,1350,,Ja
SN387D,Personenauto,FORD,MONDEO,5361,1499,1415,2270,41575,Ja
91HXDL,Personenauto,HONDA,PRELUDE 2.2 VTEC E2,9743,2157,1280,1720,,Ja
52FVXN,Personenauto,JAGUAR CARS,JAGUAR S-TYPE 3.0L V6 EXECUTIVE,15374,2967,1605,2190,,Ja
50TZD3,Personenauto,PEUGEOT,508,5114,1598,1375,1995,30510,Ja
60HBH8,Personenauto,VOLKSWAGEN,PASSAT,6442,1390,1404,2080,32560,Ja
73NTK5,Personenauto,HONDA,HONDA CR-V,9724,1997,1505,2080,40100,Ja
77XTS9,Personenauto,PEUGEOT,208,,1199,950,1530,15920,Ja
TF305K,Personenauto,TOYOTA,TOYOTA YARIS,2216,998,955,1450,17125,Ja
29PJVF,Personenauto,MINI,MINI ONE,4250,1598,1040,1495,,Ja
6SNS16,Personenauto,RENAULT,TWINGO,1125,1149,839,1360,10185,Ja
12RJJX,Personenauto,SUZUKI,SWIFT,3177,1490,975,1485,12059,Ja
33XKB2,Personenauto,SUZUKI,SWIFT,987,1242,935,1480,12044,Ja
K869HL,Personenauto,VOLKSWAGEN,ID.3 PRO 150 KW,,,1694,2260,43675,Ja
80GPZB,Personenauto,OPEL,ASTRA-G-CARAVAN,3877,1598,1135,1730,,Ja
TZ146Z,Personenauto,AUDI,S3 SPORTBACK,4018,1984,1420,2005,66536,Ja
10LNF9,Personenauto,MERCEDES-BENZ,C 350 CDI 4MATIC,20244,2987,1710,2340,76235,Ja
JX104V,Personenauto,MITSUBISHI,MITSUBISHI ASX,5612,1590,1235,1870,21879,Ja
53KHK7,Personenauto,BMW,1ER REIHE,5705,1995,1240,1765,28593,Ja
65XNDX,Personenauto,CITROEN,CITROEN C1,715,998,780,1190,9339,Ja
66XXF9,Personenauto,TOYOTA,TOYOTA PRIUS PLUG-IN HYBRID,,1798,1400,1840,45889,Ja
K742JN,Personenauto,SMART,EQ FORTWO COUPE,,,995,1310,35357,Ja
TZ216L,Personenauto,HYUNDAI,TUCSON,9158,1591,1354,1895,32802,Ja
JD302N,Personenauto,MERCEDES-BENZ,C 200 CDI,6296,2143,1545,2185,53357,Ja
99NKSZ,Personenauto,SEAT,AROSA,2193,1390,874,1400,,Ja
XT539P,Personenauto,KIA,NIRO,,,1712,2230,45270,Ja
HH119J,Personenauto,SEAT,LEON,2029,999,1102,1720,24039,Ja
52ZJTD,Personenauto,OPEL,ASTRA,4792,1598,1170,1765,22389,Ja
9SJS77,Personenauto,OPEL,ASTRA,852,1398,1273,1885,21990,Ja
52XFDN,Personenauto,OPEL,ZAFIRA,6704,1796,1403,2095,28469,Ja
37ZDTJ,Personenauto,SEAT,LEON,4489,1390,1224,1819,23696,Ja
69XVH5,Personenauto,RENAULT,TWINGO,,1149,839,1360,9790,Ja
93STPD,Personenauto,PEUGEOT,206,3326,1360,925,1450,16138,Ja
6SRN34,Personenauto,SKODA,OCTAVIA,2375,1197,1130,1780,27139,Ja
65EZ68,Personenauto,TOYOTA,COROLLA 30 DE LUXE,,,830,,,Nee
49SJH1,Personenauto,VOLKSWAGEN,POLO,2996,1390,970,1550,15845,Ja
9TNN68,Personenauto,AUDI,A3 SPORTBACK,2940,1395,1200,1785,32840,Ja
HK828B,Personenauto,HYUNDAI,TUCSON,6743,1591,1354,1895,29495,Ja
TT867K,Personenauto,AUDI,Q2,3934,1395,1255,1840,42147,Ja
94HSN3,Personenauto,TOYOTA,TOYOTA AYGO,,998,815,1190,10710,Ja
54RKT7,Personenauto,TOYOTA,TOYOTA PRIUS,,1798,1345,1805,32940,Ja
HZ834X,Personenauto,MERCEDES-BENZ,B 180,5116,1595,1325,1960,41165,Ja
XP933F,Personenauto,NISSAN,NISSAN 370Z ROADSTER,13419,3696,1530,1885,84344,Ja
HT610V,Personenauto,VOLKSWAGEN,UP!,1564,999,840,1290,13021,Ja
7TLK26,Personenauto,MERCEDES-BENZ,E 200 CDI,10305,2143,1635,2300,70491,Ja
73DTHK,Personenauto,VOLKSWAGEN,POLO,2896,1390,918,1490,,Ja
78KKB6,Personenauto,VOLKSWAGEN,GOLF,766,1390,1128,1770,,Ja
JZ795H,Personenauto,AUDI,A4 LIMOUSINE,4992,1395,1350,1945,47557,Ja
83PXTH,Personenauto,VOLVO,V40,5255,1783,1255,1770,26329,Ja
63XVB9,Personenauto,MERCEDES-BENZ,190 D,,1983,1117,1640,,Ja
65LZHP,Personenauto,RENAULT,MEGANE SCENIC,4675,1598,1225,1800,,Ja
GR910G,Personenauto,OPEL,ASTRA STATION WAGON,4665,1796,1225,1870,,Ja
17PXND,Personenauto,RENAULT,MEGANE SCENIC,6155,1998,1375,1955,,Ja
36ZGVZ,Personenauto,RENAULT,MEGANE SCENIC,6632,1598,1389,1950,,Ja
TV347D,Personenauto,MAZDA,MAZDA CX-3,4061,1998,1170,1730,28740,Ja
9KLF50,Personenauto,AUDI,A6 AVANT,4288,1968,1625,2280,58376,Ja
84RNFK,Personenauto,VOLKSWAGEN,NEW BEETLE CABRIOLET,6825,1595,1268,1757,,Ja
30XKZS,Personenauto,VOLVO,XC90,9003,2521,2023,2700,,Ja
96HTH7,Personenauto,FORD,FIESTA,4554,1388,1001,1530,21976,Ja
KK459T,Personenauto,AUDI,A6 AVANT,6263,1968,1700,2355,73279,Ja
42RBTR,Personenauto,FORD,FOCUS C-MAX,5401,1798,1275,1910,,Ja
GV163L,Personenauto,DAIHATSU,CUORE,445,998,740,1250,,Ja
66NDJD,Personenauto,VOLKSWAGEN,GOLF CABR. 66 KW E2,6678,1781,1142,1580,,Nee
JX286S,Personenauto,HONDA,HR-V,4872,1498,1220,1790,33210,Ja
14RPBJ,Personenauto,FORD,FOCUS,4571,1388,1147,1710,,Ja
KK920S,Personenauto,PEUGEOT,208,2029,1199,950,1546,16590,Ja
04LFL8,Personenauto,OPEL,MERIVA-A,4299,1598,1275,1855,21388,Ja
75GKJ1,Personenauto,OPEL,ASTRA TWIN TOP,9162,1796,1403,1895,37926,Ja
63SGLD,Personenauto,KIA,PICANTO,1364,999,836,1350,9008,Ja
61XZN1,Personenauto,LEXUS,LEXUS CT200H,,1798,1385,1845,33900,Ja
77JBH8,Personenauto,BMW,3ER REIHE,10306,2497,1475,2040,,Ja
59ZJNS,Personenauto,TOYOTA,TOYOTA YARIS,3337,1298,995,1480,16782,Ja
66NVJH,Personenauto,MITSUBISHI,MITSUBISHI OUTLANDER,8961,2378,1535,2070,,Ja
86TZRX,Personenauto,VOLVO,V70,11497,2401,1552,2180,,Ja
RN129N,Personenauto,VOLVO,V60,6123,1969,1474,2170,42605,Ja
H918PR,Personenauto,KIA,RIO,4826,998,1055,1600,20685,Ja
47PDLS,Personenauto,SUZUKI,ALTO,621,1061,775,1165,,Ja
11TNT3,Personenauto,CHEVROLET,CRUZE,4824,1598,1280,1818,18090,Ja
TP998F,Personenauto,BMW,520D XDRIVE,8486,1995,1710,2465,76586,Ja
28TBBS,Personenauto,BMW,3ER REIHE,8766,1995,1453,1970,35899,Ja
86NPP7,Personenauto,RENAULT,MEGANE SCENIC,5975,1397,1395,2080,29035,Ja
37JVV8,Personenauto,SKODA,OCTAVIA,4831,1390,1225,1925,25119,Ja
06PHBL,Personenauto,TOYOTA,TOYOTA AVENSIS,9245,2362,1375,1905,,Ja
56GPJ4,Personenauto,TOYOTA,TOYOTA AYGO,295,998,775,1180,9120,Ja
7ZGK75,Personenauto,SUZUKI,ALTO,630,996,830,1250,9799,Ja
G258HK,Personenauto,FORD,FOCUS,7575,1496,1345,1980,35574,Ja
TP157Z,Personenauto,VOLKSWAGEN,GOLF,3189,999,1145,1760,27465,Ja
07SNR8,Personenauto,FORD,C-MAX,6317,1560,1290,1915,32235,Ja
73LNZJ,Personenauto,SAAB,SAAB 9-3,7775,1998,1435,1990,,Ja
30KZX3,Personenauto,TOYOTA,TOYOTA AYGO,,998,780,1190,9790,Ja
42RTFG,Personenauto,MITSUBISHI,MITSUBISHI OUTLANDER,5820,1997,1415,1970,,Ja
XT892J,Personenauto,TOYOTA,TOYOTA COROLLA,1582,1987,1345,1955,41855,Ja
82RXG3,Personenauto,PEUGEOT,508,6395,1560,1405,2100,34300,Ja
64XZRP,Personenauto,TOYOTA,TOYOTA YARIS,2974,1298,985,1480,14860,Ja
29HVT5,Personenauto,NISSAN,NISSAN NOTE,3755,1386,1067,1546,,Ja
27LHDZ,Personenauto,VOLVO,V70,13630,2401,1575,2180,,Ja
80HPD4,Personenauto,OPEL,AGILA,3226,1242,1015,1485,16714,Ja
46SZGV,Personenauto,OPEL,ZAFIRA,6831,1796,1403,2095,,Ja
61ZNDJ,Personenauto,RENAULT,TWINGO,820,1149,900,1345,,Ja
80RBR4,Personenauto,FORD,FIESTA,1953,1242,954,1495,12895,Ja
13NGD6,Personenauto,HONDA,JAZZ,2641,1198,1022,1520,17489,Ja
G584NR,Personenauto,HYUNDAI,KONA,2728,1580,1351,1880,33782,Ja
KF341V,Personenauto,BMW,1ER REIHE,5756,1596,1220,1745,,Ja
PL959X,Personenauto,FIAT,500E,,,1330,1701,35370,Ja
98SFBB,Personenauto,FORD,FIESTA,4011,1388,1001,1530,,Ja
K594RS,Personenauto,TOYOTA,TOYOTA RAV4,2702,2487,1565,2135,47327,Ja
TN587L,Personenauto,NISSAN,NISSAN MICRA,2216,898,953,1530,19291,Ja
L898GV,Personenauto,AUDI,Q5 55 TFSI E,1803,1984,2005,2620,97427,Ja
K204RJ,Personenauto,SKODA,FABIA,3146,999,1036,1591,21230,Ja
26JRDX,Personenauto,FORD,FOCUS,3589,1388,1076,1630,,Ja
JK079N,Personenauto,VOLVO,XC90 T8 TWIN ENGINE,469,1969,2187,3010,84510,Ja
94RSX8,Personenauto,HYUNDAI,I 10,,1086,880,1405,9900,Ja
65THJB,Personenauto,PEUGEOT,207,4166,1587,1188,1670,19189,Ja
G641RT,Personenauto,OPEL,CROSSLAND X,4300,1199,1180,1835,30549,Ja
JK45DK,Personenauto,VOLKSWAGEN,GOLF,,1781,791,,,Ja
43XLPD,Personenauto,AUDI,AUDI A4,10412,1781,1425,2000,,Ja
02RPNX,Personenauto,VOLKSWAGEN,TOURAN,6087,1595,1402,2090,,Ja
03XRLR,Personenauto,HYUNDAI,TUCSON,6119,1975,1437,2050,25930,Ja
RD484D,Personenauto,FORD,FOCUS,2656,999,1176,1900,22361,Ja
KH529H,Personenauto,RENAULT,KANGOO,3808,1598,1312,1923,,Ja
TG505F,Personenauto,NISSAN,NISSAN MICRA,2216,898,953,1530,19891,Ja
1SGN69,Personenauto,VOLKSWAGEN,TOURAN,9615,1968,1503,2200,40491,Ja
51NNP2,Personenauto,VOLVO,V50,6543,1560,1280,1900,32244,Ja
1SRS60,Personenauto,FORD,C-MAX,2750,998,1291,1900,28095,Ja
XFLP57,Personenauto,OPEL,ASTRA-G-CC,3118,1598,1055,1625,,Ja
1XJN58,Personenauto,OPEL,CORSA,3045,1398,1063,1640,16884,Ja
69RXF2,Personenauto,SEAT,ALTEA XL,3581,1197,1295,1939,22770,Ja
TZ609J,Personenauto,VOLVO,XC60,8210,1969,1634,2505,62685,Ja
93RJGN,Personenauto,SEAT,IBIZA,4125,1390,1066,1599,,Ja
GK204P,Personenauto,VOLKSWAGEN,GOLF SPORTSVAN,4279,1395,1262,1880,31369,Ja
TP009J,Personenauto,MERCEDES-BENZ,SLK 200 KOMPRESSOR,15111,1796,1315,1705,,Ja
G846TG,Personenauto,OPEL,CROSSLAND X,4300,1199,1180,1835,30748,Ja
H326ND,Personenauto,PEUGEOT,108,1505,998,815,1240,15105,Ja
HR101N,Personenauto,PEUGEOT,308,1699,1560,1275,1870,26990,Ja
7XZL26,Personenauto,LAND ROVER,RANGE ROVER EVOQUE,10962,1999,1620,2350,64415,Ja
41TSDP,Personenauto,SEAT,LEON,5478,1595,1180,1783,,Ja
96TNZT,Personenauto,RENAULT,CLIO,4440,1598,1125,1640,,Ja
2KSX55,Personenauto,KIA,VENGA,4375,1396,1153,1710,19690,Ja
89TGLG,Personenauto,AUDI,AUDI A4,17025,2698,1605,2000,,Ja
08JBKR,Personenauto,MITSUBISHI,SPACE STAR,3520,1584,1135,1690,,Ja
9XRG89,Personenauto,VOLKSWAGEN,GOLF,351,1598,1214,1870,30813,Ja
39TRG1,Personenauto,CHEVROLET,AVEO,3399,1398,1058,1566,15495,Ja
NJ403H,Personenauto,BMW,BMW 335I,1099,2979,1742,2205,89156,Ja
G112RZ,Personenauto,KIA,NIRO,1402,1580,1390,1930,30840,Ja
H051JG,Personenauto,VOLKSWAGEN,POLO,969,999,1045,1610,21031,Ja
53TTF6,Personenauto,HYUNDAI,IX20,2845,1396,1153,1710,18015,Ja
K292NV,Personenauto,TOYOTA,TOYOTA AYGO,,998,805,1190,,Ja
GL043V,Personenauto,CITROEN,C4,2935,1199,1215,1810,26475,Ja
NF682X,Personenauto,OPEL,KARL / VIVA,1693,999,839,1353,12793,Ja
ZK835B,Personenauto,BMW,X1 SDRIVE20I,7313,1998,1460,2065,51070,Ja
ST482V,Personenauto,RENAULT,CLIO,2911,898,1063,1639,19895,Ja
PX279T,Personenauto,HONDA,HONDA CR-V,5233,1997,1470,2050,40550,Ja
27KDF8,Personenauto,TOYOTA,TOYOTA AYGO,,998,805,1190,11715,Ja
AH8223,Personenauto,FORD,MUSTANG COUPE,,,1340,,,Ja
JN587S,Personenauto,TOYOTA,TOYOTA AYGO,1270,998,830,1240,14335,Ja
RS548D,Personenauto,KIA,PICANTO,625,1248,825,1370,12295,Ja
92PVRH,Personenauto,VOLKSWAGEN,GOLF,6058,1984,1217,1810,,Ja
NHPH79,Personenauto,TOYOTA,COROLLA 1.6 HB. 5DRS.,3310,1587,1035,1595,,Ja
GT621P,Personenauto,SUZUKI,SX4,4167,1586,1060,1730,24698,Ja
29NNP3,Personenauto,BMW,520D,15633,1995,1690,2365,73664,Ja
K820HD,Personenauto,NISSAN,NISSAN QASHQAI,2520,1197,1260,1880,35789,Ja
11SRJH,Personenauto,SUZUKI,SWIFT,3481,1490,975,1485,12929,Ja
RX425B,Personenauto,MC LOUIS,M 110,10063,2800,2932,3500,,Ja
87THP2,Personenauto,SUZUKI,SX4,3952,1586,1115,1650,15962,Ja
NP803P,Personenauto,SUZUKI,BALENO,1957,1242,840,1405,17208,Ja
00TVG2,Personenauto,VOLKSWAGEN,UP,,999,840,1290,9980,Ja
40XDVX,Personenauto,BUERSTNER,TEILINTEGRIERT,11169,2800,2890,3400,,Ja
26LHBZ,Personenauto,VOLKSWAGEN,LUPO,2167,1390,870,1380,,Ja
K574HN,Personenauto,SKODA,KODIAQ,8458,1498,1481,2189,46482,Ja
PR342D,Personenauto,RENAULT,KADJAR,4970,1461,1355,1916,34305,Ja
35ZDBL,Personenauto,PORSCHE,911 CARRERA 4,31914,3387,1350,1775,,Ja
J750KZ,Personenauto,MG,MG ZS EV,,,1466,1966,30640,Ja
1ZHB38,Personenauto,RENAULT,TWINGO,735,999,840,1360,15955,Ja
GP877G,Personenauto,CITROEN,C4 CACTUS,2392,1199,995,1555,21880,Ja
45TBH7,Personenauto,JEEP,GRAND CHEROKEE,27834,2987,2247,2949,89978,Ja
73HGZR,Personenauto,RENAULT,MEGANE SCENIC,4133,1390,1210,1795,,Ja
J570XN,Personenauto,FORD,MUSTANG,6560,4009,1561,1987,,Ja
ZJ242X,Personenauto,SKODA,OCTAVIA,3776,999,1168,1838,26805,Ja
L012JT,Personenauto,FIAT,FIAT 500,2486,999,955,1360,19854,Ja
SJ002X,Personenauto,KIA,STONIC,4440,998,1085,1640,25280,Ja
35LJKH,Personenauto,RENAULT,MEGANE,3783,1390,1140,1715,,Ja
ZD257Z,Personenauto,HYUNDAI,KONA,,,1660,2170,45710,Ja
99HZGV,Personenauto,VOLVO,S60,8038,2435,1471,2000,,Ja
70KKP8,Personenauto,SEAT,IBIZA,4207,1598,1015,1541,18686,Ja
ZH973V,Personenauto,OPEL,ASTRA,3907,999,1163,1780,26188,Ja
1ZRH05,Personenauto,FIAT,PANDA,1081,964,930,1435,12920,Ja
87RVJ5,Personenauto,FORD,FIESTA,1981,1242,954,1495,13096,Ja
7TKK65,Personenauto,MERCEDES-BENZ,E 220 BLUETEC,7719,2143,1695,2360,84245,Ja
K056HR,Personenauto,MERCEDES-BENZ,EQV,,,2560,3500,78059,Ja
84PRB1,Personenauto,OPEL,AGILA,1010,1242,965,1485,13394,Ja
PN687R,Personenauto,OPEL,CORSA-E,2089,999,1063,1650,18064,Ja
25LNBV,Personenauto,CITROEN,C5,6261,1997,1349,1974,,Ja
ZDJF53,Personenauto,VOLKSWAGEN,NEW BEETLE,5562,1984,1203,1650,,Ja
KR268X,Personenauto,BMW,318I,5984,1499,1465,2085,50152,Ja
K457GB,Personenauto,AUDI,A4 LIMOUSINE,5038,1984,1460,2060,46901,Ja
TX795F,Personenauto,RENAULT,ZOE,,,1448,1923,33685,Ja
TG652R,Personenauto,RENAULT,CLIO,3342,898,1063,1639,21651,Ja
SP094B,Personenauto,OPEL,MOKKA,5749,1598,1255,1789,23189,Ja
G400GT,Personenauto,CITROEN,C4 CACTUS,3383,1199,1040,1575,25974,Ja
37SNJ1,Personenauto,CITROEN,C3 PICASSO,4153,1397,1221,1747,20480,Ja
ZB690H,Personenauto,AUDI,A3 SPORTBACK E-TRON,385,1395,1515,2050,46155,Ja
K444NV,Personenauto,MITSUBISHI,MITSUBISHI OUTLANDER,1824,2360,1865,2390,47489,Ja
58PXT9,Personenauto,FORD,FIESTA,2176,1242,941,1490,13745,Ja
ND735V,Personenauto,BMW,X1 SDRIVE20I,6232,1998,1460,2075,52214,Ja
4KDF01,Personenauto,MAZDA,MAZDA CX-5,5500,1998,1295,1930,32084,Ja
93LSR5,Personenauto,AUDI,AUDI S4,21594,2995,1710,2305,,Ja
7KST82,Personenauto,RENAULT,TWINGO,1125,1149,839,1360,12674,Ja
55JDHV,Personenauto,MERCEDES-BENZ,SL 500,40662,4966,1745,2140,,Ja
23XLBD,Personenauto,PEUGEOT,PEUGEOT 107,1035,998,780,1190,10449,Ja
97ZBLZ,Personenauto,SAAB,SAAB 9-3,8541,1985,1315,1880,,Ja
51SVZF,Personenauto,AUDI,AUDI A6,12072,1984,1495,2100,,Ja
21ZVP3,Personenauto,VOLKSWAGEN,BEETLE,3419,1197,1174,1680,24129,Ja
1SNV32,Personenauto,OPEL,ASTRA SPORTS TOURER,3458,1362,1403,2045,31525,Ja
03TVZ7,Personenauto,MERCEDES-BENZ,ML 350 BLUETEC 4MATIC,25996,2987,2075,2950,117515,Ja
55KDV2,Personenauto,PEUGEOT,307,2342,1997,1268,1750,,Ja
XB468L,Personenauto,HYUNDAI,TUCSON,3492,1591,1354,1895,31870,Ja
PL637L,Personenauto,FIAT,FIAT 500,1297,964,840,1305,16530,Ja
PB371D,Personenauto,FORD,C-MAX,4396,999,1291,1900,29984,Ja
98NXDN,Personenauto,AUDI,AUDI A3,5339,1595,1180,1765,,Ja
03ZXK1,Personenauto,VOLKSWAGEN,GOLF,2500,1197,1151,1750,28902,Ja
63XSVG,Personenauto,AUDI,AUDI A4,9903,1781,1425,2000,,Ja
66PNZ4,Personenauto,FORD,KA,630,1242,840,1320,11000,Ja
1XHH02,Personenauto,SEAT,TOLEDO,2730,1197,1055,1615,20460,Ja
2TSB54,Personenauto,MERCEDES-BENZ,C 200,619,1796,1405,2020,47411,Ja
DM9187,Personenauto,MG,B,,,1000,,,Ja
DE8321,Personenauto,TRIUMPH,TR 6,,,1083,,,Ja
1XBB18,Personenauto,DACIA,SANDERO,2940,898,937,1520,14309,Ja
79TJBJ,Personenauto,AUDI,AUDI TT,11994,1781,1285,1610,,Ja
RJ204F,Personenauto,PEUGEOT,2008,2366,1199,1065,1655,26290,Ja
18NZL1,Personenauto,PEUGEOT,5008,6866,1598,1435,2050,33570,Ja
NV324Z,Personenauto,TOYOTA,TOYOTA AYGO,373,998,805,1190,,Ja
10LGSN,Personenauto,FORD,FIESTA,2785,1299,1007,1540,,Ja
33SPBD,Personenauto,MERCEDES-BENZ,B 200 TURBO,9599,2035,1270,1880,38927,Ja
01NHPN,Personenauto,FORD,FOCUS,4182,1596,1067,1590,,Ja
24RLT5,Personenauto,BMW,528I,14389,2996,1720,2395,80399,Ja
16GGK4,Personenauto,HYUNDAI,I 10,1215,1086,900,1405,10660,Ja
7ZSN55,Personenauto,CHAUSSON,TRIGANO FI1,9096,2800,2841,3400,,Ja
L367GZ,Personenauto,RENAULT,KADJAR,615,1197,1295,1866,33298,Ja
62KDX1,Personenauto,SUZUKI,ALTO,,996,830,1250,8499,Ja
RH635Z,Personenauto,HYUNDAI,KONA,4396,998,1208,1775,24635,Ja
33XVTV,Personenauto,SEAT,LEON,6704,1798,1295,1890,,Ja
37NJGV,Personenauto,CITROEN,C3 PLURIEL,4228,1360,1111,1506,,Nee
SZ766P,Personenauto,VOLKSWAGEN,POLO,2494,999,1045,1610,19455,Ja
6KJN13,Personenauto,VOLKSWAGEN,UP,,999,840,1290,10530,Ja
H577JF,Personenauto,PORSCHE,CAYENNE E-HYBRID,9705,2995,2335,3055,128058,Ja
G233DR,Personenauto,TOYOTA,TOYOTA AYGO,1402,998,830,1240,16320,Ja
2KVR50,Personenauto,RENAULT,MEGANE,1010,1461,1283,1864,31335,Ja
PF534K,Personenauto,MINI,COUNTRYMAN COOPER S ALL4,9181,1998,1505,2120,61354,Ja
3KXJ47,Personenauto,BMW,320ED,5357,1995,1475,2050,55361,Ja
40KTR8,Personenauto,PEUGEOT,PEUGEOT 107,,998,780,1190,10994,Ja
G323FR,Personenauto,SEAT,IBIZA,3514,999,1049,1650,25770,Ja
XS867X,Personenauto,HYUNDAI,I 30,3793,1368,1279,1820,22942,Ja
6TJK11,Personenauto,FIAT,FIAT 500,1837,1242,880,1320,18200,Ja
70XSHT,Personenauto,CITROEN,CITROEN C1,1450,998,780,1190,12010,Ja
J536VG,Personenauto,KIA,NIRO,,,1712,2230,47765,Ja
GX827G,Personenauto,MINI,COOPER S,5677,1598,1310,1845,49664,Ja
4XXH13,Personenauto,LAND ROVER,RANGE ROVER EVOQUE,15079,2179,1650,2350,58780,Ja
SG115J,Personenauto,VOLKSWAGEN,CARAVELLE,10444,1968,2149,3000,,Ja
2XTZ19,Personenauto,FORD,KUGA,15895,2521,1553,2130,45164,Ja
50LFLF,Personenauto,HYUNDAI,ATOS SPIRIT,1161,999,822,1316,,Ja
28PSK4,Personenauto,TOYOTA,TOYOTA YARIS,1651,1329,1015,1480,16846,Ja
27PGKJ,Personenauto,SKODA,FABIA,2535,1390,1035,1575,,Ja
SR159X,Personenauto,VOLKSWAGEN,TOURAN,10115,1598,1450,2150,41150,Ja
50TJB7,Personenauto,BMW,3ER REIHE,7309,1995,1480,2045,46157,Ja
KN153V,Personenauto,RENAULT,TWINGO,2760,898,968,1413,14790,Ja
3TKJ41,Personenauto,BMW,316I,5544,1598,1445,2065,42318,Ja
ZS724V,Personenauto,VOLKSWAGEN,TRANSPORTER TDI 96 KW 1.0 AUT,7311,2461,2057,2800,,Ja
XV261N,Personenauto,VOLKSWAGEN,GOLF,4038,999,1210,1860,28953,Ja
DL2794,Personenauto,PEUGEOT,204 COUPE,,,870,,,Nee
HD839B,Personenauto,VOLKSWAGEN,POLO,1495,999,1011,1560,18200,Ja
10LFDL,Personenauto,VOLVO,S40,7466,1870,1270,1770,,Ja
G075VN,Personenauto,POESSL,KW 18,11583,1997,2880,3500,47883,Ja
2KTN91,Personenauto,TOYOTA,TOYOTA VERSO,5960,1798,1395,2125,31326,Ja
H643HX,Personenauto,KIA,SOUL,,,1657,2180,45535,Ja
6ZDD87,Personenauto,FIAT,FIAT 500,,964,840,1305,14790,Ja
98ZJZF,Personenauto,VOLKSWAGEN,POLO,3501,1390,988,1580,16282,Ja
K198ZS,Personenauto,MERCEDES-BENZ,B 180,1100,1595,1295,1960,33986,Ja
24NNHS,Personenauto,TOYOTA,TOYOTA AVENSIS VERSO,6829,1998,1420,2140,,Ja
JV464X,Personenauto,VOLKSWAGEN,TOURAN,4992,1197,1336,2060,30737,Ja
HZ03NV,Personenauto,RENAULT,9 TC,,,786,,,Nee
SL483H,Personenauto,VOLVO,XC90,24826,4414,2207,2760,,Nee
7KGH21,Personenauto,TOYOTA,TOYOTA AYGO,,998,780,1190,9580,Ja
11RKHB,Personenauto,FORD,FIESTA,3375,1388,1002,1530,,Ja
XK846L,Personenauto,SKODA,OCTAVIA,3776,999,1168,1838,27125,Ja
35XVJR,Personenauto,TOYOTA,TOYOTA AURIS,4472,1398,1195,1720,20300,Ja
8XLB80,Personenauto,CITROEN,CITROEN C1,,998,775,1180,9890,Ja
TZ362F,Personenauto,KIA,PICANTO,1573,998,830,1300,12910,Ja
TL901K,Personenauto,HYUNDAI,I10,1762,998,908,1310,12511,Ja
78PRVS,Personenauto,FORD,FOCUS,3952,1596,1050,1635,,Ja
ZK832R,Personenauto,ALFA ROMEO,ALFA GIULIETTA,5219,1368,1255,1785,28200,Ja
16DLPF,Personenauto,TOYOTA,TOYOTA YARIS,2251,998,805,1320,,Ja
01TXP7,Personenauto,VOLVO,V70,7229,1596,1493,2190,42398,Ja
XS474H,Personenauto,VOLVO,XC40,13506,1969,1610,2220,59304,Ja
35RVR1,Personenauto,PEUGEOT,508,6026,1598,1395,2080,35570,Ja
5KJR73,Personenauto,CITROEN,CITROEN C1,,998,780,1190,,Ja
81LJVX,Personenauto,RENAULT,MEGANE SCENIC,4346,1390,1210,1795,,Ja
93RPT1,Personenauto,TOYOTA,STARLET 1.3 DX 3DRS AUT,,1295,746,1225,,Ja
58JRVT,Personenauto,PORSCHE,911 CARRERA,34237,3596,1400,1855,,Ja
KR860V,Personenauto,MERCEDES-BENZ,GLA 180,6108,1595,1335,1920,45281,Ja
79ZLD3,Personenauto,FORD,B-MAX,2772,998,1179,1760,24729,Ja
38TJH1,Personenauto,RENAULT,MEGANE SCENIC,7325,1598,1419,2074,28180,Ja
09GZTR,Personenauto,OPEL,CORSA-C,3176,1199,935,1470,,Ja
1STP70,Personenauto,VOLVO,V40,1010,1560,1266,1890,30174,Ja
3SGR94,Personenauto,PEUGEOT,208,1125,1199,950,1530,18560,Ja
J533FV,Personenauto,NISSAN,NISSAN JUKE,4294,999,1157,1700,27641,Ja
G111KF,Personenauto,FORD,FOCUS,3514,999,1180,1855,29899,Ja
SB87BG,Personenauto,VOLKSWAGEN,25 KAMPEERWAGEN,,,1624,,,Ja
78TPDH,Personenauto,FORD,FOCUS,5098,1999,1259,1895,,Ja
48LBVV,Personenauto,PEUGEOT,206,5750,1997,1127,1562,,Ja
J153PX,Personenauto,FORD,FOCUS,2682,999,1283,1925,27270,Ja
32NNTJ,Personenauto,BMW,5ER REIHE,13170,2171,1475,2040,,Ja
GJ272T,Personenauto,KIA,PICANTO,1564,998,830,1400,12590,Ja
ZL126R,Personenauto,DACIA,SANDERO,6134,898,1015,1538,17175,Ja
DZ7187,Personenauto,CADILLAC,V-63,,4398,1708,,,Ja
36PGD1,Personenauto,OPEL,CORSA,2710,1398,1040,1585,17646,Ja
88KNH3,Personenauto,MITSUBISHI,MITSUBISHI OUTLANDER,10141,2360,1570,2290,,Ja
RZ029G,Personenauto,OPEL,ASTRA SPORTS TOURER,2772,999,1178,1850,24470,Ja
19XKL7,Personenauto,MAZDA,MAZDA CX-5,4699,1998,1290,1930,30683,Ja
6TZD34,Personenauto,MINI,MINI,1995,1499,1060,1565,34665,Ja
H805BH,Personenauto,VOLKSWAGEN,T-CROSS,4431,999,1175,1760,28698,Ja
XJ121V,Personenauto,FIAT,FIAT 500,1434,1242,840,1305,,Ja
19FZGH,Personenauto,TOYOTA,TOYOTA YARIS VERSO,3673,1299,975,1530,,Ja
07GNX9,Personenauto,HYUNDAI,GETZ,2320,1399,1000,1510,12904,Ja
71TKS2,Personenauto,RENAULT,TWINGO,,1149,839,1360,12265,Ja
52SKF1,Personenauto,PEUGEOT,PEUGEOT 107,,998,780,1190,10920,Ja
16XTN4,Personenauto,VOLKSWAGEN,UP,,999,840,1290,11370,Ja
RH175H,Personenauto,HONDA,CIVIC 5DR,4396,988,1246,1775,32390,Ja
14PTNH,Personenauto,ALFA ROMEO,ALFA ROMEO 147,5318,1598,1195,1740,,Ja
7KBF35,Personenauto,VOLKSWAGEN,GOLF,2500,1197,1151,1750,28932,Ja
HJ310L,Personenauto,FIAT,FIAT PUNTO,2083,1368,1015,1600,,Ja
SZST01,Personenauto,MAZDA,MAZDA XEDOS 9,11052,2497,1410,1955,,Nee
46KPG7,Personenauto,VOLKSWAGEN,POLO,3447,1390,970,1550,19729,Ja
RV618V,Personenauto,OPEL,KARL ROCKS / VIVA ROCKS,2494,999,839,1353,15484,Ja
3SRJ15,Personenauto,MITSUBISHI,MITSUBISHI OUTLANDER,,1998,1785,2310,52679,Ja
89HHZ4,Personenauto,HONDA,CIVIC 4DR HYBRID,875,1339,1268,1720,25401,Ja
ZHGL91,Personenauto,OPEL,CORSA-B,2265,1199,880,1400,,Ja
36PVXK,Personenauto,CITROEN,C3,3076,1360,980,1470,15285,Ja
SF113X,Personenauto,MERCEDES-BENZ,CLA 180,5691,1595,1330,1920,37827,Ja
HK885K,Personenauto,NISSAN,NISSAN PULSAR,3383,1197,1165,1750,20440,Ja
99ZBXZ,Personenauto,AUDI,AUDI A5,19806,3197,1470,1995,75650,Ja
46TFBB,Personenauto,MERCEDES-BENZ,VITO 111 CDI,13312,2148,1690,2940,46785,Ja
78HVDS,Personenauto,CITROEN,BERLINGO,3472,1587,1137,1780,,Ja
SL984T,Personenauto,SEAT,LEON ST,4301,1395,1177,1840,29310,Ja
81PHHZ,Personenauto,VOLKSWAGEN,LUPO,2349,1390,870,1380,,Ja
SRJP97,Personenauto,NISSAN,NISSAN MICRA,1853,,755,1290,,Ja
TR784G,Personenauto,RENAULT,CLIO,1825,898,1057,1621,20085,Ja
K922BV,Personenauto,MINI,COOPER,4637,1499,1205,1670,34866,Ja
85ZHB7,Personenauto,KIA,OPTIMA,4634,1999,1562,2050,34790,Ja
21XRF5,Personenauto,MINI,MINI COOPER,8148,1598,1150,1575,,Ja
27RDFJ,Personenauto,OPEL,ASTRA STATION WAGON,5393,1598,1215,1860,23694,Ja
47XTTJ,Personenauto,OPEL,ZAFIRA,7805,2198,1470,2150,32113,Ja
L807GV,Personenauto,CITROEN,C1,1838,998,815,1240,14880,Ja
73TKD2,Personenauto,OPEL,CORSA,,1229,1063,1605,16744,Ja
6XXD93,Personenauto,BMW,320I,6678,1997,1375,1975,46917,Ja
58JPRV,Personenauto,PEUGEOT,206,2820,1360,925,1450,,Ja
87YA17,Personenauto,VOLVO,1800 ES OVERDRIVE.,,,1166,,,Nee
17ZBG5,Personenauto,PEUGEOT,3008,8549,1598,1434,2020,32940,Ja
DR8672,Personenauto,PEUGEOT,404,,,1150,,,Nee
52HXNP,Personenauto,SUZUKI,WAGON R,1994,1298,905,1355,,Ja
32SKG5,Personenauto,RENAULT,KANGOO,3730,1598,1080,1630,,Ja
ZF606F,Personenauto,VOLKSWAGEN,POLO,3121,999,1045,1610,22014,Ja
38GJN7,Personenauto,FORD,FOCUS,4095,1596,1149,1730,,Ja
HNVV87,Personenauto,MERCEDES-BENZ,SL 320 ROADSTER U9,29262,3199,1750,2170,,Ja
L910JL,Personenauto,VOLKSWAGEN,ID.3 PRO 150 KW,,,1705,2270,38067,Ja
40PJL7,Personenauto,DACIA,SANDERO,2126,1149,950,1470,11135,Ja
J555RD,Personenauto,PORSCHE,911 CARRERA 4S,65414,2981,1581,1965,207881,Ja
8STP83,Personenauto,OPEL,MERIVA,9917,1362,1371,1995,30375,Ja
NV583Z,Personenauto,FORD,FOCUS,2426,999,1176,1900,22778,Ja
K633NK,Personenauto,VOLKSWAGEN,UP!,357,999,840,1290,13047,Ja
HN998J,Personenauto,KIA,SPORTAGE,6967,1591,1280,1830,27990,Ja
H642GF,Personenauto,VOLKSWAGEN,PASSAT,3604,1395,1329,2000,35986,Ja
01RBP9,Personenauto,PEUGEOT,206+,2094,1124,905,1361,11590,Ja
2ZDX91,Personenauto,RENAULT,CLIO,735,898,984,1588,15680,Ja
62FVTG,Personenauto,MERCEDES-BENZ,E 320 4-MATIC,21444,3199,1620,2250,,Ja
89NPN5,Personenauto,SEAT,IBIZA ST,,1199,1105,1645,18580,Ja
J396TF,Personenauto,HONDA,CR-V,6898,1993,1585,2240,46330,Ja
00FU55,Personenauto,BMW,1602,,,980,,,Ja
KF613R,Personenauto,MERCEDES-BENZ,B 200 TURBO,8162,2034,1305,1880,55279,Ja
8KSL06,Personenauto,CITROEN,CITROEN C1,500,998,805,1190,10720,Ja
57RRL8,Personenauto,OPEL,CORSA,3127,1398,1063,1615,18764,Ja
J939NL,Personenauto,FIAT,FIAT 500,2310,999,955,1360,17785,Ja
54PFR8,Personenauto,SUZUKI,ALTO,,996,830,1250,8298,Ja
9ZTZ51,Personenauto,MERCEDES-BENZ,B 180,4503,1595,1325,1960,36293,Ja
49TVL7,Personenauto,MERCEDES-BENZ,C 200 CDI,7821,2143,1545,2185,55004,Ja
8TKB32,Personenauto,NISSAN,NISSAN MICRA,2835,1198,1014,1530,19225,Ja
20GHNK,Personenauto,TOYOTA,TOYOTA YARIS,2830,1299,885,1350,,Ja
XJSZ38,Personenauto,VOLKSWAGEN,BORA,4323,1595,1137,1720,,Ja
NP357T,Personenauto,TESLA MOTORS,MODEL S,,,2123,2640,132950,Ja
07NDH9,Personenauto,PEUGEOT,308,4974,1598,1415,2100,24200,Ja
60LNBT,Personenauto,CITROEN,XSARA PICASSO,5317,1749,1220,1795,,Ja
SK306N,Personenauto,BMW,X1 SDRIVE16D,9662,1496,1455,2030,49808,Ja
G841HF,Personenauto,PEUGEOT,108,1342,998,815,1240,15104,Ja
RV013N,Personenauto,AUDI,Q2,4996,1395,1255,1840,42171,Ja
59GXHX,Personenauto,TOYOTA,TOYOTA YARIS,2704,1299,870,1350,,Ja
HJ662H,Personenauto,OPEL,MOKKA,5847,1364,1294,1828,26380,Ja
JZ337S,Personenauto,RENAULT,MEGANE,4248,1197,1180,1806,23475,Ja
74ZDJ3,Personenauto,FIAT,FIAT PUNTO,814,1248,1120,1705,17273,Ja
TX291S,Personenauto,MERCEDES-BENZ,AMG G 63,75339,3982,2460,3200,262229,Ja
18TGS2,Personenauto,MERCEDES-BENZ,A 160,3972,1498,1145,1740,22163,Ja
NJ271F,Personenauto,SEAT,LEON,3200,1197,1175,1770,20447,Ja
9KKB39,Personenauto,VOLKSWAGEN,POLO,1240,1197,1002,1580,17023,Ja
G103LP,Personenauto,RENAULT,CAPTUR,5872,898,1148,1676,24410,Ja
48JZGT,Personenauto,OPEL,VECTRA-C,5486,1796,1275,1870,,Ja
GH192N,Personenauto,VOLKSWAGEN,PASSAT,5264,1598,1385,2060,38500,Ja
95RPTJ,Personenauto,VOLKSWAGEN,GOLF,4972,1390,1268,1900,,Ja
82FRSJ,Personenauto,RENAULT,MEGANE SCENIC,4643,1598,1225,1800,,Ja
HR025D,Personenauto,HONDA,HONDA CR-V,11454,1997,1492,2100,46700,Ja
59LVD7,Personenauto,FORD,FUSION,4728,1596,1064,1630,20710,Ja
KV239P,Personenauto,BMW I,I3,,,1220,1670,47412,Ja
38SXJB,Personenauto,KIA,SORENTO,8185,2351,1838,2455,32721,Ja
36LFJK,Personenauto,PEUGEOT,307,5086,1997,1177,1702,,Ja
7SBL25,Personenauto,FORD,B-MAX,2375,998,1179,1760,22745,Ja
74DRXK,Personenauto,RENAULT,TWINGO,1768,1149,795,1230,,Ja
05PJD9,Personenauto,FORD,FOCUS,4868,1596,1177,1820,21840,Ja
73JVZD,Personenauto,RENAULT,CLIO,3208,1390,955,1525,,Ja
28ZLJ4,Personenauto,TOYOTA,TOYOTA AYGO,,998,805,1190,10620,Ja
7SGJ23,Personenauto,BMW,116I,3625,1598,1275,1830,35953,Ja
TZ554R,Personenauto,MERCEDES-BENZ,SPRINTER,33787,2143,2572,3500,92031,Ja
RN676Z,Personenauto,RENAULT,TALISMAN,6818,1598,1491,2164,43040,Ja
H570ZX,Personenauto,PEUGEOT,3008,1365,1598,1815,2330,55121,Ja
02XTR1,Personenauto,POESSL,KW 009,10233,2198,2770,3300,,Ja
05JNR3,Personenauto,VOLKSWAGEN,GOLF PLUS,6270,1390,1338,1990,30840,Ja
TX526J,Personenauto,OPEL,ASTRA+,4301,1399,1168,1815,29621,Ja
33JSL5,Personenauto,HYUNDAI,TUCSON,5204,1975,1437,2050,23330,Ja
9TDJ34,Personenauto,VOLKSWAGEN,JETTA,,1395,1405,2020,29390,Ja
7XZT17,Personenauto,PEUGEOT,308,1093,1560,1275,1870,27940,Ja
40JRVT,Personenauto,VOLKSWAGEN,POLO,3353,1390,993,1560,,Ja
94SLH4,Personenauto,FORD,FIESTA,2238,1242,954,1495,14195,Ja
51TXFZ,Personenauto,MERCEDES-BENZ,280 SE,,2717,1539,2080,,Nee
KS801K,Personenauto,VOLKSWAGEN,GOLF PLUS,5556,1390,1338,1990,33671,Ja
79LVTX,Personenauto,DAEWOO,DAEWOO KALOS,3373,1399,1010,1540,,Ja
TK819S,Personenauto,MERCEDES-BENZ,B 180,6386,1595,1325,1960,38411,Nee
95FXRT,Personenauto,RENAULT,TWINGO,2133,1149,795,1230,,Ja
48NNJD,Personenauto,DAIHATSU,CUORE,1712,989,695,1200,,Ja
38KDN4,Personenauto,TOYOTA,TOYOTA AYGO,,998,805,1190,11014,Ja
82ZNLS,Personenauto,OPEL,MERIVA-A,5184,1598,1275,1855,22759,Ja
49RHHJ,Personenauto,OPEL,CORSA-C,2408,1229,910,1430,12850,Ja
79RGDH,Personenauto,HYUNDAI,ATOS-PRIME,1693,1086,859,1336,10204,Ja
3KNV41,Personenauto,FORD,FOCUS,1010,1560,1250,1900,28805,Ja
KN757T,Personenauto,VOLKSWAGEN,TIGUAN,3917,1984,1545,2260,47346,Ja
DL19PB,Personenauto,OPEL,MANTA HATCHBACK 20 S,,,1036,,,Ja
85RHG4,Personenauto,AUTOSTAR,ARYAL 8050,7002,2287,2870,3500,70710,Ja
27LJRR,Personenauto,MERCEDES-BENZ,C 200 CDI,11242,2148,1405,1985,,Ja
96PZT9,Personenauto,MERCEDES-BENZ,C 180 KOMPRESSOR,10319,1796,1405,1965,,Ja
94RZB2,Personenauto,VOLKSWAGEN,GOLF,3126,1197,1134,1750,23665,Ja
74XLNB,Personenauto,SKODA,FABIA,2966,1198,1025,1565,,Ja
90NBFH,Personenauto,SAAB,SAAB 9-3,9243,2171,1460,2020,,Nee
K635ST,Personenauto,BMW,Z4 M40I,15758,2998,1530,1860,89402,Ja
NB578D,Personenauto,NISSAN,NISSAN E-NV200,,,1514,2220,38394,Ja
8SBZ72,Personenauto,HONDA,JAZZ,4250,1339,1023,1610,20490,Ja
08GGF9,Personenauto,BMW,330 CI,15050,2979,1560,2005,,Ja
J707PJ,Personenauto,PEUGEOT,5008,2063,1199,1381,2130,38843,Ja
4XNX84,Personenauto,VOLKSWAGEN,GOLF,4309,1984,1295,1860,41810,Ja
5KTB98,Personenauto,FIAT,230,5403,1905,2500,3200,,Ja
24XHD5,Personenauto,MAZDA,MAZDA CX-5,4699,1998,1290,1930,30683,Ja
28KVH3,Personenauto,OPEL,ASTRA STATION WAGON,4776,1598,1178,1860,24084,Ja
11ZPDT,Personenauto,SUZUKI,SWIFT,2508,1328,965,1485,,Ja
2TBT23,Personenauto,DACIA,SANDERO,3625,898,998,1550,15730,Ja
K361GS,Personenauto,HONDA,CR-V,3764,1993,1643,2275,51055,Ja
H623RB,Personenauto,FORD,FOCUS,7579,1499,1354,1995,35374,Ja
RS592F,Personenauto,KIA,SPORTAGE,4366,1591,1280,1830,30898,Ja
77HZPV,Personenauto,RENAULT,MEGANE SCENIC,5038,1598,1225,1800,,Ja
H572VX,Personenauto,MERCEDES-BENZ,GLC 200 D,13925,1950,1710,2465,71968,Ja

